,TIME,Oy,Ox,Dy,Dx,Q,CITY
334,28800.0,118.096294,24.447317,118.043932,25.229107,1,0
350,28800.0,118.190866,25.055283,118.092841,24.44819,1,1
351,28800.0,118.137716,24.501507,118.205414,25.060653,1,0
339,28800.0,118.190423,25.055791,118.142242,24.537209,1,1
340,28800.0,118.193152,25.054003,118.164298,24.511931,1,1
341,28800.0,118.193649,25.039894,118.249219,24.540553,1,1
336,28800.0,118.201562,25.057189,118.120639,24.492425,2,1
344,28800.0,118.21095,25.057961,118.123204,24.5147,1,1
354,28800.0,118.201934,25.065624,118.102669,24.456296,1,1
337,28800.0,118.090695,25.018422,118.157916,24.496467,1,1
368,28800.0,118.190394,25.055801,118.142242,24.537209,1,1
367,28800.0,118.056755,25.234599,118.092569,24.448728,2,1
364,28800.0,118.168769,24.475332,118.189178,25.055462,1,0
333,28800.0,118.131386,24.507343,118.069286,25.013561,1,0
362,28800.0,118.193945,25.050784,118.092841,24.44819,2,1
346,28800.0,118.131024,24.484385,118.212541,25.045968,1,0
352,28800.0,118.217301,25.051041,118.162909,24.503007,2,1
348,28800.0,118.234231,25.063492,118.150812,24.491348,1,1
342,28800.0,118.097768,24.944442,118.171909,24.446957,1,1
345,28800.0,118.142622,24.52435,118.184045,25.054721,1,0
359,28800.0,118.116596,24.458902,118.193768,25.055489,1,0
369,28800.0,118.117896,24.60295,118.175641,25.069521,1,0
356,28800.0,118.206586,25.062471,118.136128,24.531814,1,1
374,28979.0,118.035804,24.565895,118.191134,25.053227,3,0
375,28981.0,118.157763,24.474914,118.053181,25.018909,1,0
377,29246.0,118.171327,24.518031,118.039943,25.230506,1,0
380,29400.0,118.193945,25.050784,118.096237,24.505125,1,1
381,29400.0,118.106684,24.583267,118.004961,25.00043,1,0
384,29509.0,118.022042,24.585788,118.178424,25.062876,1,0
388,29681.0,118.192593,25.053166,118.108135,24.466859,1,1
391,29782.0,118.045358,25.231877,118.192328,24.479084,1,1
392,29882.0,118.124802,24.485816,118.01691,25.015939,1,0
398,30000.0,118.029494,24.590943,118.113566,25.14205,1,0
396,30000.0,118.186428,25.048916,118.099974,24.456199,1,1
393,30000.0,118.130952,24.483411,118.227533,25.066795,1,0
402,30021.0,118.206443,25.046638,118.102338,24.468496,1,1
403,30029.0,118.050269,25.233586,118.13387,24.508447,1,1
407,30226.0,118.233219,25.066399,118.137411,24.532008,1,1
408,30275.0,118.147218,24.490805,118.1918,25.056076,1,0
409,30283.0,118.193935,25.051311,118.163098,24.522313,2,1
410,30302.0,118.035812,24.565893,118.158768,25.061103,2,0
412,30396.0,118.148543,24.506559,118.212242,25.042545,1,0
414,30527.0,118.117748,24.462054,118.225518,25.073555,1,0
415,30545.0,118.093187,24.44804,118.180331,25.070758,2,0
419,30600.0,118.202128,25.034171,118.093961,24.434594,1,1
442,30600.0,118.086537,24.604019,118.205544,25.05428,1,0
434,30600.0,118.053274,24.603175,118.084631,25.236071,1,0
429,30600.0,118.184511,25.054724,118.104601,24.466437,1,1
428,30600.0,118.184511,25.054724,118.104601,24.466437,1,1
437,30600.0,118.146399,24.492868,118.040485,25.230392,1,0
426,30600.0,117.948886,24.563935,118.076898,25.231704,1,0
446,30600.0,118.087265,24.612664,118.19889,25.06218,1,0
435,30600.0,118.205165,25.068813,118.089599,24.463333,1,1
445,30600.0,118.182773,25.055319,118.096035,24.591372,1,1
438,30600.0,118.167593,24.46274,118.082054,25.230704,1,0
436,30600.0,118.13668,24.524317,118.175578,25.055331,1,0
452,30600.0,117.950298,25.016755,118.19251,24.522922,1,1
432,30600.0,118.039943,25.230506,118.171327,24.518031,1,1
431,30600.0,118.122025,24.468651,118.194504,25.058389,1,0
453,30600.0,118.15715,25.0496,118.092446,24.455678,1,1
430,30600.0,118.104071,25.128353,118.171545,24.471915,1,1
439,30600.0,118.205165,25.068813,118.089599,24.463333,1,1
425,30600.0,118.109357,24.578274,118.194223,25.055682,1,0
420,30600.0,117.994375,24.997178,118.043098,24.582797,1,1
451,30600.0,118.203451,25.068122,118.152323,24.542164,1,1
448,30600.0,118.169429,25.0797,118.170339,24.470565,1,1
454,30670.0,118.092141,24.495954,118.181414,25.048515,1,0
456,30717.0,118.096831,24.461204,117.948156,25.023365,1,0
457,30764.0,118.180399,24.467243,118.200722,25.041284,1,0
459,30978.0,118.175476,25.059853,118.097139,24.461044,1,1
460,31057.0,118.120263,24.52538,118.183786,25.068121,2,0
461,31063.0,118.197057,25.046532,118.131853,24.498345,1,1
464,31131.0,118.142806,24.606448,118.194389,25.045959,1,0
466,31200.0,118.235562,25.06254,118.179556,24.479481,1,1
467,31208.0,118.097775,24.441604,118.191116,25.053333,1,0
468,31242.0,118.166251,24.474715,118.230465,25.071213,1,0
470,31405.0,118.145728,24.497794,118.166508,25.062317,1,0
476,31584.0,118.102339,24.488078,118.202014,25.035082,1,0
478,31777.0,118.197527,25.04645,118.089293,24.443402,1,1
482,31800.0,118.241564,25.074712,118.142242,24.537209,1,1
480,31800.0,118.180399,24.467243,118.200722,25.041284,1,0
481,31800.0,118.170327,24.53772,118.1918,25.056076,1,0
485,31816.0,118.14329,24.515176,117.948783,25.019287,1,0
486,31855.0,118.134263,25.173358,118.118524,24.502398,1,1
489,31883.0,118.194171,25.058153,118.129841,24.494943,1,1
490,31944.0,118.209688,25.038179,118.036787,24.600811,1,1
492,32022.0,118.193329,25.059114,118.078909,24.633657,1,1
494,32092.0,118.086342,24.447573,118.159962,25.056085,2,0
496,32186.0,118.130822,24.50754,118.005052,25.011532,1,0
498,32237.0,118.134263,25.173358,118.118524,24.502398,1,1
499,32261.0,118.013599,25.019189,118.122251,24.489743,1,1
500,32273.0,118.141753,24.518408,118.004591,25.005503,1,0
501,32301.0,118.114644,24.51121,118.039943,25.230506,1,0
502,32327.0,118.154353,24.488568,118.202068,25.053131,1,0
553,32400.0,118.210246,25.03439,118.142214,24.537199,1,1
517,32400.0,118.089351,24.493343,118.1962,25.03829,1,0
555,32400.0,118.193293,25.036289,118.059995,24.579564,1,1
544,32400.0,118.192989,25.045412,118.119735,24.520897,1,1
549,32400.0,118.190735,25.049518,118.120895,24.464931,2,1
542,32400.0,118.142202,24.51079,118.180059,25.056143,1,0
515,32400.0,118.164904,25.064347,118.065594,24.611985,2,1
554,32400.0,118.02553,24.528702,118.100282,25.134843,1,0
527,32400.0,118.096337,25.177581,118.118731,24.46729,1,1
516,32400.0,118.239246,25.075319,118.152321,24.542165,1,1
541,32400.0,118.106684,24.583267,118.007457,25.009533,1,0
520,32400.0,118.221527,25.075539,118.079729,24.632559,3,1
514,32400.0,118.221809,25.069982,118.110401,24.48544,1,1
521,32400.0,118.145088,24.611298,118.199517,25.055394,1,0
509,32400.0,118.101777,25.017685,118.118818,24.468888,1,1
513,32400.0,118.1962,25.03829,118.079019,24.633511,1,1
525,32400.0,118.104406,25.191205,117.966331,24.530534,1,1
522,32400.0,118.108049,24.502308,118.192496,25.036518,1,0
526,32400.0,118.098545,24.502877,118.194032,25.0457,1,0
543,32400.0,118.176256,24.486573,118.191254,25.043797,2,0
518,32400.0,118.077811,24.945326,118.136128,24.531814,1,1
557,32400.0,118.1969,25.060284,118.100031,24.502919,1,1
548,32400.0,118.199765,25.040805,118.07973,24.632559,1,1
528,32400.0,118.100111,24.506598,118.125589,25.164796,1,0
537,32400.0,118.200469,24.492581,118.190661,25.052534,1,0
556,32400.0,118.193293,25.036289,118.059995,24.579564,1,1
545,32400.0,118.17424,24.465208,118.190907,25.045995,1,0
533,32400.0,118.161537,25.046444,118.15273,24.490617,2,1
508,32400.0,118.101835,25.017311,118.112348,24.462846,1,1
552,32400.0,118.004167,25.001268,118.152725,24.488889,1,1
512,32400.0,118.091766,24.495614,118.181414,25.048515,1,0
506,32400.0,118.21163,25.054355,118.25775,24.607291,2,1
558,32404.0,118.157892,24.490126,118.202159,25.05321,1,0
560,32476.0,118.077768,24.945345,118.136128,24.531814,1,1
561,32480.0,118.193939,25.05906,118.165986,24.470091,1,1
562,32508.0,118.145147,24.476055,118.100782,25.018568,1,0
563,32521.0,118.194578,25.04558,118.150628,24.501311,2,1
565,32598.0,118.156139,24.521835,118.225947,25.066948,1,0
569,32767.0,118.143651,24.489209,118.200123,25.045425,1,0
571,32788.0,118.240269,25.076221,118.131248,24.466015,1,1
579,33000.0,118.098743,24.502894,118.196624,25.061853,1,0
583,33053.0,118.146397,24.492869,118.214154,25.059404,1,0
587,33124.0,118.211852,25.060819,118.094685,24.581704,1,1
588,33219.0,118.198735,25.06182,118.023165,24.585356,1,1
590,33283.0,118.143373,24.489629,117.947583,25.021696,1,0
592,33351.0,118.060643,25.013731,118.145832,24.513849,1,1
593,33376.0,118.099736,24.467656,118.093403,25.018579,1,0
595,33419.0,118.115079,24.5037,118.049017,25.240557,1,0
596,33436.0,118.052457,25.238934,118.066752,24.559543,2,1
597,33542.0,118.050254,25.233662,118.13387,24.508447,1,1
598,33573.0,118.143655,24.52636,118.194251,25.039292,1,0
606,33600.0,118.173274,24.489514,118.015501,25.025718,1,0
604,33600.0,117.950248,25.019591,118.108251,24.502718,1,1
605,33600.0,118.240067,25.076362,118.142242,24.537209,2,1
602,33600.0,118.189569,25.05084,118.079019,24.633511,1,1
600,33600.0,118.098575,24.464811,117.954153,25.017832,1,0
603,33600.0,118.177489,24.463736,118.20399,25.049701,1,0
608,33605.0,118.052286,24.566925,118.005222,25.007856,2,0
609,33682.0,118.161922,25.068551,118.087968,24.452899,1,1
610,33692.0,118.19321,25.037201,118.06751,24.591783,1,1
611,33756.0,118.052286,24.566925,118.005222,25.007856,2,0
612,33798.0,118.113293,24.525589,118.167792,25.078593,1,0
613,33800.0,118.100068,24.50564,118.024052,25.016099,1,0
614,33863.0,118.197527,25.050063,118.127594,24.503651,1,1
616,33968.0,118.194537,25.05443,118.171397,24.51723,1,1
617,34057.0,118.150462,24.489543,118.17397,25.074792,1,0
618,34147.0,118.085987,24.476094,117.951246,25.015544,1,0
632,34200.0,118.152667,25.052499,118.136412,24.495791,1,1
630,34200.0,118.145728,24.497794,118.205683,25.066027,1,0
639,34200.0,118.208192,25.046887,118.104057,24.570536,1,1
650,34200.0,118.1918,25.056076,118.151735,24.516587,2,1
631,34200.0,118.117491,24.609694,118.175602,25.058166,1,0
645,34200.0,118.102982,24.577766,118.192885,25.056184,1,0
649,34200.0,118.240235,25.07637,118.142242,24.537209,2,1
638,34200.0,118.171225,25.079305,118.113451,24.603061,1,1
626,34200.0,118.167518,24.535259,118.222633,25.051622,1,0
637,34200.0,118.192664,25.040396,118.152323,24.542164,2,1
647,34200.0,118.19659,25.038071,118.079019,24.633511,1,1
634,34200.0,118.180399,24.467243,118.200722,25.041284,1,0
644,34200.0,118.182676,25.05586,118.151184,24.476001,1,1
633,34200.0,118.179994,24.499965,118.058173,25.230352,1,0
622,34200.0,118.075133,24.64045,118.176464,25.062598,1,0
641,34200.0,118.004689,25.004032,118.131853,24.498345,1,1
619,34200.0,118.171319,25.079233,118.113451,24.603061,1,1
652,34202.0,118.086394,24.447581,118.190137,25.045755,1,0
654,34281.0,118.078222,24.600199,118.164752,25.066028,1,0
655,34293.0,118.086912,24.44764,118.159962,25.056085,2,0
656,34311.0,118.184463,24.469862,118.175247,25.057292,1,0
657,34321.0,118.239942,25.076832,118.111129,24.464235,2,1
660,34359.0,118.118788,24.493935,117.952967,25.016319,1,0
662,34424.0,118.088655,24.47545,118.17153,25.062055,1,0
664,34463.0,118.113386,24.576244,118.202412,25.067959,1,0
665,34473.0,118.168816,25.058173,118.1611,24.50197,3,1
667,34516.0,118.184582,25.054598,118.141632,24.526153,1,1
668,34616.0,118.179842,24.470889,118.202207,25.038912,2,0
669,34683.0,118.194537,25.05443,118.13734,24.491885,1,1
671,34731.0,118.13911,24.475784,118.176898,25.056899,1,0
674,34778.0,118.079273,24.457477,118.163966,25.069239,1,0
678,34800.0,118.242023,25.074433,118.142242,24.537209,2,1
677,34800.0,118.113386,24.576244,118.202412,25.067959,1,0
680,34800.0,118.079019,24.633511,118.202412,25.067959,1,0
681,34853.0,118.104451,25.018822,118.065966,24.569971,1,1
682,34905.0,118.16177,24.506161,118.118083,25.00935,1,0
683,34907.0,118.143199,24.525796,118.192664,25.040396,2,0
684,34937.0,118.058423,25.014142,118.107215,24.430453,1,1
688,35094.0,118.095249,24.967437,118.089538,24.440622,1,1
690,35096.0,118.128638,24.493397,118.097034,25.013576,1,0
691,35111.0,118.120034,24.469628,118.192482,25.039915,1,0
697,35232.0,118.17565,24.477121,118.160383,25.063417,1,0
696,35232.0,118.095154,25.16829,118.096197,24.442482,1,1
699,35253.0,118.111769,24.577556,118.188221,25.055794,1,0
701,35349.0,118.124751,24.478018,118.197352,25.0593,1,0
705,35400.0,118.221564,25.051984,118.072134,24.567257,1,1
703,35400.0,118.149084,24.490525,118.202489,25.030648,1,0
704,35400.0,118.199899,25.038938,118.118832,24.465045,2,1
708,35461.0,118.145462,24.494034,118.195618,25.0437,1,0
709,35583.0,118.091587,24.628619,118.204547,25.052332,1,0
710,35632.0,118.138894,24.504489,118.051607,25.228739,1,0
711,35676.0,118.210622,25.043036,118.180211,24.472684,1,1
712,35718.0,118.193962,25.058875,118.126401,24.471986,1,1
715,35770.0,118.082394,24.460618,118.204549,25.049552,1,0
717,35841.0,118.179465,25.048274,118.165543,24.512795,1,1
718,35844.0,118.096197,24.442482,118.109577,25.020999,1,0
720,35995.0,118.212133,25.04136,118.153926,24.435,1,1
721,36000.0,117.952345,25.017034,118.054481,24.622523,1,1
755,36000.0,117.95312,25.016735,118.142244,24.53721,3,1
734,36000.0,118.148875,24.486955,118.185638,25.047627,1,0
726,36000.0,118.102607,24.467364,118.101198,25.014968,1,0
741,36000.0,118.056778,24.581027,118.005665,25.002469,1,0
745,36000.0,118.119615,24.505266,118.004545,25.004983,1,0
760,36000.0,118.174621,25.07291,118.119485,24.467361,1,1
737,36000.0,118.0366,25.228704,118.079167,24.600361,1,1
759,36000.0,118.241924,25.077924,118.136128,24.531814,1,1
747,36000.0,118.180908,24.501836,118.17696,25.061743,1,0
724,36000.0,118.102789,24.465412,118.101198,25.014968,1,0
729,36000.0,118.191167,25.05553,118.130311,24.422636,3,1
731,36000.0,118.086403,24.45339,118.1962,25.03829,1,0
742,36000.0,118.201624,25.067347,118.077846,24.604399,1,1
740,36000.0,117.948758,25.017785,118.136816,24.531395,1,1
730,36000.0,118.16667,24.513828,118.177851,25.057389,1,0
739,36000.0,118.094805,24.624988,118.027994,25.198088,1,0
733,36000.0,118.026807,25.216018,118.156972,24.508188,1,1
723,36000.0,118.150422,24.528024,118.198149,25.060847,1,0
736,36000.0,118.180162,24.4676,118.007456,25.009528,1,0
727,36000.0,118.182563,24.501883,118.202208,25.038912,1,0
767,36036.0,118.215097,25.045184,118.183791,24.464283,1,1
768,36108.0,118.102677,25.011161,118.089743,24.581662,1,1
769,36125.0,117.94758,25.021695,118.122607,24.495519,1,1
770,36186.0,118.215317,25.045302,118.183791,24.464283,1,1
782,36494.0,118.193142,25.054431,118.149778,24.505034,2,1
783,36523.0,118.215317,25.045302,118.183486,24.464427,1,1
793,36600.0,118.241732,25.074743,118.130311,24.422636,1,1
796,36600.0,118.193326,25.034451,118.125858,24.47328,3,1
812,36990.0,118.193997,25.04568,118.064882,24.567782,2,1
814,37057.0,117.954155,25.017834,118.12745,24.49685,2,1
829,37275.0,118.178567,25.060153,118.102338,24.468496,1,1
833,37397.0,118.213375,25.051253,118.18597,24.484236,1,1
834,37398.0,118.195614,25.044688,118.096657,24.478962,1,1
835,37474.0,118.101772,24.505936,118.100104,24.942007,1,0
836,37487.0,118.080432,24.632621,118.159962,25.056085,1,0
837,37491.0,118.126369,24.507423,118.189101,25.051324,1,0
839,37588.0,118.058597,25.015608,118.172659,24.467945,3,1
840,37705.0,118.149772,24.433029,118.202207,25.038912,1,0
842,37785.0,118.17093,25.057357,118.079015,24.633511,2,1
853,37800.0,118.241792,25.074277,118.131338,24.42306,3,1
867,37800.0,118.239857,25.077205,118.136128,24.531814,1,1
843,37800.0,118.194691,25.055384,118.086924,24.490677,1,1
868,37800.0,118.196349,25.057726,118.145555,24.504753,1,1
856,37800.0,118.206233,25.062172,118.152735,24.541456,1,1
862,37800.0,118.206291,25.059697,118.18089,24.467926,1,1
850,37800.0,118.079019,24.633511,118.159962,25.056085,1,0
864,37800.0,118.086706,24.604186,118.205544,25.05428,1,0
857,37800.0,118.120034,24.469628,118.192482,25.039915,1,0
865,37800.0,118.180162,24.4676,118.007456,25.009528,2,0
847,37800.0,118.08546,24.446721,118.204523,25.036468,2,0
849,37800.0,118.127125,24.478724,118.205006,25.061768,1,0
851,37800.0,118.178192,25.057313,118.089291,24.605464,3,1
858,37800.0,118.17803,25.05663,118.089291,24.605464,3,1
860,37800.0,118.14175,24.475397,118.196623,25.061853,1,0
855,37800.0,118.241541,25.074081,118.110666,24.464065,2,1
863,37800.0,118.07812,25.017016,118.112937,24.461694,1,1
848,37800.0,118.120034,24.469628,118.192482,25.039915,1,0
870,37848.0,118.061864,24.55722,118.046954,25.229907,2,0
874,37887.0,118.140934,24.495677,118.173808,25.058218,1,0
878,38129.0,118.116646,24.466707,118.189034,25.054633,1,0
879,38182.0,118.193942,25.050784,118.136558,24.488431,2,1
882,38379.0,118.132026,24.493876,118.194819,25.05471,1,0
887,38400.0,118.241585,25.07455,118.136128,24.531814,1,1
893,38553.0,118.179318,25.067676,118.149772,24.433029,1,1
895,38646.0,118.174917,25.062898,118.06067,24.598607,1,1
896,38693.0,118.149123,24.50031,118.194455,25.040962,1,0
898,38798.0,118.163015,25.072507,118.182574,24.501265,1,1
900,38947.0,118.072373,24.639388,118.125401,25.16553,1,0
902,39017.0,118.043991,25.220197,118.096862,24.462423,1,1
903,39058.0,118.085193,24.485721,118.096248,25.017788,1,0
904,39069.0,118.188954,25.055749,118.094946,24.460272,1,1
907,39204.0,118.060538,25.013711,118.145832,24.513849,1,1
909,39232.0,118.102307,24.506373,118.199113,25.049595,1,0
910,39327.0,118.216571,25.054656,118.164295,24.511931,1,1
914,39429.0,118.160821,25.057182,118.094342,24.592354,1,1
915,39477.0,118.145728,24.497794,118.178373,25.063676,2,0
916,39506.0,118.116784,24.486008,118.201934,25.065624,1,0
917,39520.0,118.205506,25.067383,118.1304,24.491797,1,1
918,39588.0,118.17893,25.057058,118.084695,24.60279,2,1
923,39600.0,118.164412,24.505296,118.118083,25.00935,1,0
924,39600.0,118.194375,25.059221,118.133467,24.508462,2,1
922,39600.0,118.1146,24.468217,118.190213,25.051903,1,0
926,39600.0,118.204798,25.07148,118.123059,24.469542,3,1
921,39600.0,118.206291,25.059697,118.18089,24.467926,1,1
925,39600.0,118.147248,24.478529,118.179696,25.055146,1,0
927,39801.0,118.191616,25.040239,118.143249,24.526868,1,1
929,39874.0,118.101399,24.45607,118.203001,25.065577,1,0
931,39888.0,118.196584,25.060021,118.168143,24.53416,3,1
934,40084.0,118.140508,24.606882,118.191612,25.040772,1,0
935,40086.0,118.140452,24.606904,118.178166,25.057423,1,0
938,40200.0,118.24148,25.073728,118.110666,24.464065,2,1
937,40200.0,118.102307,24.506373,118.199113,25.049595,1,0
939,40200.0,118.212415,25.064096,118.115663,24.469199,1,1
943,40269.0,118.177138,24.483397,118.045219,25.221812,1,0
944,40292.0,118.116635,24.491035,117.954153,25.017832,2,0
945,40354.0,118.196805,25.036648,118.185985,24.470623,1,1
946,40443.0,118.144041,24.49014,118.004555,24.99909,1,0
947,40458.0,118.189472,25.040794,118.107659,24.565123,1,1
950,40669.0,118.151024,24.487572,118.048315,25.227452,1,0
952,40683.0,118.090706,24.44182,118.199147,25.036291,2,0
953,40706.0,118.126058,25.169371,118.129442,24.46163,1,1
954,40708.0,118.092459,24.447912,118.186705,25.050261,1,0
955,40712.0,118.075133,24.64045,118.007456,25.009528,1,0
956,40730.0,118.134353,24.489981,118.068577,25.23415,1,0
957,40763.0,118.147775,24.526739,118.190419,25.049969,1,0
962,40800.0,118.179224,25.055884,118.176946,24.47769,2,1
959,40800.0,118.21048,25.042987,118.118982,24.50305,1,1
961,40800.0,118.010557,25.013422,118.054322,24.622629,1,1
960,40800.0,118.167538,24.460545,118.100032,25.016692,1,0
964,40852.0,118.114914,24.522364,118.191753,25.056609,1,0
965,40852.0,118.180983,24.470677,118.188581,25.05628,1,0
966,40866.0,118.178713,25.070002,118.122954,24.469287,1,1
969,40905.0,118.101772,24.505936,118.100104,24.942007,1,0
970,40921.0,118.17851,25.058545,118.145728,24.497794,1,1
971,41083.0,118.099949,24.942432,118.155433,24.492709,1,1
972,41125.0,118.103285,24.468708,118.237458,25.045413,2,0
985,41400.0,118.079729,24.632559,118.230341,25.069052,1,0
984,41400.0,118.199856,25.062726,118.079019,24.633511,1,1
983,41400.0,118.195461,25.059778,118.129229,24.480059,1,1
982,41400.0,118.121277,24.486664,118.194635,25.045966,1,0
986,41400.0,118.184329,25.064568,118.080319,24.633065,1,1
976,41400.0,118.212508,25.04524,118.07902,24.633511,1,1
979,41400.0,118.082135,24.482268,118.199528,25.063043,1,0
981,41400.0,118.195461,25.059778,118.129229,24.480059,1,1
980,41400.0,118.092402,24.474687,118.049471,25.223883,1,0
990,41589.0,118.131398,24.492681,118.164854,25.064085,1,0
994,41808.0,118.117331,24.457497,118.039977,25.230408,1,0
995,41999.0,118.089599,24.463333,118.203509,25.068618,1,0
998,42000.0,118.190678,25.051731,118.048918,24.581461,1,1
997,42000.0,118.036259,24.548495,118.234976,25.072628,1,0
999,42091.0,118.108058,24.563477,118.077143,25.015694,1,0
1000,42175.0,118.132822,24.494289,118.194819,25.05471,1,0
1001,42226.0,118.082135,24.482268,118.202207,25.038912,2,0
1002,42259.0,118.119494,24.491284,118.044966,25.221463,1,0
1003,42275.0,118.063698,24.57471,118.097034,25.013576,1,0
1006,42405.0,118.033094,25.204594,118.145002,24.426516,3,1
1007,42439.0,118.192534,24.479217,118.202412,25.067959,1,0
1008,42518.0,118.205165,25.068813,118.092841,24.44819,2,1
1009,42600.0,118.189169,25.044974,118.092761,24.492657,1,1
1010,42600.0,117.94946,25.018808,118.123883,24.48736,1,1
1011,42648.0,118.11798,24.512846,118.173813,25.058218,1,0
1012,42682.0,118.143628,24.484244,118.2019,25.065591,1,0
1016,42775.0,118.004534,24.999584,118.076499,24.457318,1,1
1017,42954.0,118.029026,24.587934,118.165796,25.064342,1,0
1019,42987.0,118.200019,25.042931,118.167362,24.466984,1,1
1022,43077.0,118.082135,24.482268,118.202207,25.038912,2,0
1023,43137.0,118.226892,25.071523,118.122702,24.534155,1,1
1032,43200.0,118.168441,24.517023,118.086226,24.953533,1,0
1036,43200.0,118.06476,25.212284,118.056778,24.581027,1,1
1049,43200.0,118.043098,24.582797,117.994405,25.000569,1,0
1047,43200.0,118.242021,25.074113,118.152323,24.542164,1,1
1055,43200.0,118.10902,25.02214,118.07973,24.632559,1,1
1050,43200.0,118.237411,25.075538,118.162237,24.443097,1,1
1053,43200.0,118.111812,24.464613,118.17819,25.057312,2,0
1051,43200.0,118.189999,25.054464,118.132508,24.468543,1,1
1025,43200.0,118.184036,25.056618,118.128104,24.504996,2,1
1026,43200.0,118.208663,25.033662,118.164849,24.526768,1,1
1054,43200.0,118.2075,25.048432,118.101994,24.605732,1,1
1038,43200.0,118.181847,25.066476,118.136128,24.531814,1,1
1035,43200.0,118.10355,24.469738,118.191116,25.053333,1,0
1045,43200.0,118.164162,25.059657,118.113041,24.479655,1,1
1040,43200.0,118.100044,24.590805,118.212508,25.04524,1,0
1057,43204.0,118.087005,24.603066,118.19889,25.06218,1,0
1058,43211.0,118.114059,24.605643,118.012529,25.022746,1,0
1059,43266.0,118.206441,25.046638,118.079729,24.632559,1,1
1062,43322.0,118.180259,24.478226,118.007457,25.009533,1,0
1063,43354.0,118.131739,24.49901,118.190981,25.055297,1,0
1065,43397.0,118.149126,24.49049,118.204985,25.061754,1,0
1066,43402.0,118.227533,25.066795,118.177901,24.464977,1,1
1068,43492.0,118.142259,24.60636,118.19321,25.037201,1,0
1069,43511.0,118.094644,24.607016,118.190668,25.056432,1,0
1074,43627.0,118.205541,25.070221,118.084172,24.479136,1,1
1078,43734.0,118.147895,24.488241,118.201892,25.03863,1,0
1080,43800.0,118.151191,24.529125,118.190419,25.049969,1,0
1082,43800.0,118.027835,25.199504,118.150797,24.494598,1,1
1084,43815.0,118.193006,25.057967,118.080403,24.620891,5,1
1085,43850.0,118.131739,24.49901,118.190981,25.055297,1,0
1087,43869.0,118.198032,24.492476,118.175578,25.055331,1,0
1088,43879.0,118.196659,24.483873,118.193446,25.05439,2,0
1089,43894.0,118.126126,24.433469,118.188962,25.0507,1,0
1090,43898.0,118.164545,25.066224,118.079329,24.600394,1,1
1091,43927.0,118.198748,25.063896,118.13159,24.509122,1,1
1092,44008.0,118.034072,24.564045,118.160845,25.071151,1,0
1093,44045.0,118.00439,24.9992,118.09298,24.461223,1,1
1095,44065.0,117.952096,25.018482,118.119146,24.523381,1,1
1096,44083.0,118.045219,25.221812,118.120895,24.464931,1,1
1103,44227.0,118.144841,24.472665,118.006031,24.99819,1,0
1105,44275.0,118.190739,25.045933,118.13214,24.486026,1,1
1106,44344.0,118.146662,24.51129,118.181948,25.038117,1,0
1114,44400.0,118.200731,25.052874,118.187863,24.505234,1,1
1110,44400.0,118.190122,25.051552,118.143808,24.504469,2,1
1112,44400.0,118.138234,24.475456,118.189725,25.049679,1,0
1116,44400.0,118.077978,24.454305,117.952965,25.016284,1,0
1118,44526.0,118.131899,24.468856,118.195619,25.043735,1,0
1120,44586.0,118.131442,24.486703,118.185638,25.047628,1,0
1121,44624.0,118.115388,24.599833,117.99922,24.997909,2,0
1122,44634.0,118.132283,24.487446,118.203509,25.068618,1,0
1124,44700.0,118.198888,25.062181,118.091533,24.5961,1,1
1125,44751.0,118.193588,25.053282,118.092841,24.44819,1,1
1126,44779.0,118.097579,24.570666,118.212446,25.063386,1,0
1129,44830.0,118.182386,24.474953,118.007456,25.009528,1,0
1130,44865.0,117.950345,25.016564,118.19251,24.522922,1,1
1131,44878.0,118.190431,25.049293,118.102663,24.488368,1,1
1132,44881.0,118.191928,25.037875,118.123204,24.5147,1,1
1135,44950.0,118.005121,24.999133,118.09298,24.461223,1,1
1151,45000.0,118.192538,25.044891,118.129717,24.505655,1,1
1140,45000.0,118.003814,24.998624,118.09298,24.461223,1,1
1136,45000.0,118.165337,24.528933,118.194028,25.036889,1,0
1139,45000.0,118.236162,25.063528,118.163166,24.538075,1,1
1141,45000.0,118.200907,25.045821,118.14278,24.515578,1,1
1146,45000.0,118.050562,25.230482,118.105526,24.572644,2,1
1150,45000.0,118.199762,25.039574,118.152415,24.528681,1,1
1143,45000.0,118.182792,25.055632,118.143373,24.489629,1,1
1145,45000.0,118.197221,25.045417,118.153737,24.525408,1,1
1142,45000.0,118.202905,25.06646,118.127249,24.500254,1,1
1144,45000.0,117.951082,25.018882,118.129907,24.494231,2,1
1152,45023.0,118.045219,25.221812,118.079019,24.633511,1,1
1154,45087.0,118.145101,24.485233,118.073226,25.018177,1,0
1155,45099.0,118.09018,24.955137,118.15498,24.508785,1,1
1156,45100.0,118.01181,25.01498,118.09516,24.58229,1,1
1157,45116.0,118.175588,25.055604,118.07044,24.5618,2,1
1158,45145.0,118.144041,24.49014,118.004555,24.99909,1,0
1160,45180.0,118.182386,24.474953,117.994706,24.997565,1,0
1162,45276.0,118.051678,25.224098,118.047255,24.612908,1,1
1163,45292.0,118.163937,24.507302,118.007459,25.009528,2,0
1164,45315.0,118.097504,24.942873,118.180182,24.471431,1,1
1168,45424.0,118.211105,25.046531,118.097096,24.510366,1,1
1180,45600.0,118.19321,25.037201,118.06751,24.591783,1,1
1171,45600.0,118.075133,24.64045,118.227995,25.073864,1,0
1174,45600.0,118.196623,25.061853,118.147405,24.506342,1,1
1178,45600.0,118.236162,25.063528,118.163166,24.538075,2,1
1181,45600.0,118.19321,25.037201,118.06751,24.591783,1,1
1179,45600.0,118.183143,25.066585,118.091677,24.62959,1,1
1172,45600.0,118.084931,24.633965,118.212446,25.063386,1,0
1192,45790.0,118.050284,25.23372,118.13387,24.508447,2,1
1196,45924.0,118.191731,25.054499,118.078909,24.633657,1,1
1198,45984.0,118.102942,25.19112,118.133157,24.447373,1,1
1201,45996.0,118.098031,25.018642,118.096254,24.464747,1,1
1212,46200.0,118.082309,24.634095,118.05178,25.233792,1,0
1208,46200.0,118.18404,24.500571,118.190388,25.049029,1,0
1211,46200.0,118.166659,25.067308,118.168326,24.510166,1,1
1209,46200.0,118.176074,25.062325,118.1126,24.51152,1,1
1213,46200.0,118.052974,24.592463,118.223146,25.072731,1,0
1214,46213.0,118.210516,25.044148,118.101836,24.463982,1,1
1215,46226.0,118.195717,25.056247,118.11721,24.515734,1,1
1216,46228.0,118.193192,25.05897,118.129806,24.467792,1,1
1218,46233.0,118.098253,24.5046,118.162468,25.048299,1,0
1217,46233.0,117.949484,25.023043,118.158645,24.515978,1,1
1219,46294.0,118.192648,25.036936,118.17478,24.486553,2,1
1221,46328.0,117.94758,25.021695,118.129194,24.49464,1,1
1222,46346.0,118.09566,24.467095,118.195928,25.060148,1,0
1223,46381.0,118.079962,24.459037,118.063476,25.019954,1,0
1224,46409.0,118.163451,24.477162,118.12562,25.164767,1,0
1226,46436.0,118.099687,25.012165,118.112934,24.522754,1,1
1227,46501.0,118.132872,24.496271,118.1918,25.056076,1,0
1229,46542.0,118.195104,25.038894,118.136919,24.494038,1,1
1231,46653.0,118.138382,24.491428,118.194537,25.05443,1,0
1233,46684.0,118.130148,24.493689,117.950429,25.019158,1,0
1234,46713.0,118.119562,24.599997,118.104451,25.018822,1,0
1236,46727.0,118.12155,24.433728,118.196755,25.059379,1,0
1237,46771.0,118.117877,24.586485,118.016219,25.023848,1,0
1249,46800.0,118.097786,24.44173,118.191116,25.053333,1,0
1274,46800.0,118.059773,24.564295,118.199361,25.041131,1,0
1255,46800.0,118.225796,25.066773,118.137411,24.532008,2,1
1248,46800.0,118.098159,24.509182,118.190863,25.057417,1,0
1271,46800.0,118.092152,24.62936,117.997877,24.997305,1,0
1258,46800.0,118.140467,24.512562,118.082058,25.223736,1,0
1289,46800.0,118.20247,25.065155,118.156818,24.516036,1,1
1281,46800.0,118.157541,25.051348,118.12851,24.425709,2,1
1261,46800.0,118.178285,24.473177,118.039943,25.230506,3,0
1256,46800.0,118.005981,24.998176,118.108873,24.521706,3,1
1278,46800.0,118.178285,24.473177,118.039977,25.230408,1,0
1273,46800.0,118.121744,24.480661,118.049556,25.222283,1,0
1264,46800.0,118.103287,24.468708,118.161735,25.064588,1,0
1287,46800.0,118.191863,25.058694,118.147501,24.470647,1,1
1277,46800.0,118.09759,25.000466,118.135569,24.489503,1,1
1266,46800.0,118.06043,25.22694,118.135085,24.513702,1,1
1265,46800.0,118.097139,24.461044,118.175476,25.059853,1,0
1279,46800.0,118.001307,24.999243,118.123865,24.507268,1,1
1272,46800.0,118.176074,25.062325,118.1126,24.51152,1,1
1270,46800.0,117.991985,24.584685,118.194028,25.036889,1,0
1284,46800.0,118.240218,25.075928,118.130139,24.550636,3,1
1247,46800.0,118.062377,24.601421,118.180778,25.048304,1,0
1254,46800.0,118.11243,24.609029,118.111706,25.019829,1,0
1252,46800.0,118.1792,25.05828,118.150621,24.48764,1,1
1290,46800.0,118.199762,25.039574,118.152415,24.528681,1,1
1259,46800.0,118.184716,25.057822,118.092326,24.497185,2,1
1269,46800.0,118.241587,25.074464,118.142242,24.537209,1,1
1260,46800.0,118.113036,24.527508,118.004689,25.004032,2,0
1243,46800.0,118.169203,25.064308,118.133797,24.503216,2,1
1268,46800.0,118.002183,24.998295,118.123893,24.507277,1,1
1292,46835.0,118.172849,25.056786,118.154462,24.511966,1,1
1293,46872.0,117.948156,25.023365,118.137152,24.519138,1,1
1294,46883.0,118.131312,24.493141,118.16833,25.115306,1,0
1295,46928.0,118.121611,24.434383,118.196755,25.059379,1,0
1297,46968.0,118.192668,25.056301,118.1311,24.494259,1,1
1298,46969.0,118.17893,25.057058,118.084695,24.60279,1,1
1300,47001.0,118.130736,24.46815,117.954372,25.01797,1,0
1301,47038.0,118.079015,24.633511,118.182131,25.054863,1,0
1302,47073.0,118.132416,24.497724,118.203568,25.042179,1,0
1304,47099.0,118.193062,25.045408,118.108273,24.470204,1,1
1306,47150.0,118.191703,25.038549,118.112429,24.609028,1,1
1307,47157.0,118.123059,24.469542,118.20702,25.047595,2,0
1308,47172.0,118.150806,24.487687,118.184325,25.057122,1,0
1309,47220.0,118.165123,24.509358,118.156687,25.063749,1,0
1310,47239.0,118.048217,24.606851,118.105218,25.01896,1,0
1311,47256.0,118.209365,25.045675,118.097579,24.570666,1,1
1312,47305.0,118.09778,24.944512,118.100848,24.50681,1,1
1314,47320.0,118.14917,24.524969,118.196201,25.038293,1,0
1315,47358.0,118.150853,24.473122,117.995669,24.990624,1,0
1316,47362.0,118.094678,24.626318,118.197032,25.045796,1,0
1318,47385.0,118.066402,25.233078,118.123437,24.592576,1,1
1323,47400.0,117.971981,25.016637,118.14361,24.524175,2,1
1321,47400.0,118.082442,24.460646,118.213239,25.040326,1,0
1325,47400.0,118.006031,24.99819,118.13351,24.525707,1,1
1328,47400.0,118.151191,24.529125,118.190419,25.049969,1,0
1322,47400.0,118.060191,24.580145,118.192989,25.045412,2,0
1330,47403.0,117.94758,25.021695,118.137615,24.495815,1,1
1333,47470.0,118.130148,24.493689,117.950429,25.019158,1,0
1337,47510.0,118.054185,24.601846,118.182703,25.054956,1,0
1341,47584.0,118.175208,25.055763,118.104668,24.484208,1,1
1342,47602.0,118.177897,25.066548,118.098596,24.466945,1,1
1344,47651.0,118.119562,24.599997,118.104451,25.018822,1,0
1349,47911.0,118.200577,25.038966,118.15847,24.515642,2,1
1351,47977.0,118.113314,24.544818,118.191116,25.053333,1,0
1353,48000.0,118.207246,25.048779,118.023168,24.585356,1,1
1354,48000.0,118.101528,24.506229,118.167748,25.05616,1,0
1358,48000.0,118.195104,25.038894,118.136919,24.494038,1,1
1364,48000.0,118.158445,24.51688,118.198483,25.054124,1,0
1355,48000.0,118.101614,24.506355,118.167748,25.05616,1,0
1361,48000.0,118.091677,24.62959,118.20099,25.056053,1,0
1362,48000.0,118.158854,24.490956,118.122819,25.16031,1,0
1366,48005.0,118.185478,24.470958,118.194034,25.037493,1,0
1367,48071.0,118.108785,24.521089,118.006451,25.00904,1,0
1372,48205.0,118.130148,24.493689,117.950429,25.019158,1,0
1373,48213.0,118.178692,24.481567,118.190951,25.045092,1,0
1374,48217.0,118.193966,25.058665,118.10887,24.50911,1,1
1376,48260.0,118.180315,24.463935,118.206842,25.066881,1,0
1377,48262.0,118.148044,24.509862,118.197859,25.042746,1,0
1378,48326.0,118.170797,25.079551,118.084834,24.456673,2,1
1381,48378.0,118.089088,24.457348,118.16896,25.064288,1,0
1383,48394.0,118.090333,24.463904,118.177196,25.061174,3,0
1384,48412.0,118.099193,24.457159,118.189541,25.05054,1,0
1385,48421.0,118.203661,25.057773,118.150196,24.527776,1,1
1386,48425.0,118.191235,25.055889,118.167,24.460614,1,1
1388,48539.0,118.234231,25.063492,118.180211,24.472684,1,1
1389,48563.0,118.203078,25.046051,118.14309,24.511714,1,1
1391,48589.0,118.090333,24.463904,118.177196,25.061174,2,0
1394,48600.0,118.098253,24.5046,118.162468,25.048299,1,0
1398,48600.0,118.154606,24.508311,118.213413,25.045756,1,0
1402,48600.0,118.198478,25.044406,118.139033,24.497311,1,1
1399,48600.0,118.099884,24.506511,118.00943,25.015125,2,0
1415,48600.0,118.112934,24.522754,118.016668,25.026231,1,0
1418,48600.0,118.20689,25.046249,118.194435,24.49212,1,1
1428,48600.0,118.131312,24.493141,118.022273,25.209158,2,0
1419,48600.0,118.175247,25.057292,118.062779,24.596552,1,1
1406,48600.0,118.1792,25.05828,118.150621,24.48764,1,1
1405,48600.0,118.099905,25.002776,118.176583,24.482524,1,1
1426,48600.0,118.188221,25.055794,118.137532,24.496531,1,1
1424,48600.0,118.198149,25.060847,118.150422,24.528024,1,1
1422,48600.0,118.17126,24.530202,117.953118,25.016735,1,0
1408,48600.0,118.058172,25.23035,118.103772,24.507227,1,1
1414,48600.0,118.180331,25.070758,118.092345,24.448257,2,1
1400,48600.0,118.101734,25.016044,118.085891,24.450426,1,1
1393,48600.0,118.202739,24.489182,118.188913,25.052128,1,0
1425,48600.0,118.142017,24.522297,118.013559,25.016327,1,0
1420,48600.0,118.003526,25.000041,118.164412,24.505296,1,1
1410,48600.0,118.179493,25.07099,118.092345,24.448257,2,1
1423,48600.0,118.013478,25.209946,118.176177,24.483139,1,1
1403,48600.0,118.198478,25.044406,118.139033,24.497311,1,1
1401,48600.0,118.164917,24.526684,118.208663,25.033663,1,0
1411,48600.0,118.183932,25.057629,118.086342,24.447573,2,1
1431,48618.0,118.206872,25.047565,118.122718,24.616379,2,1
1432,48670.0,118.12096,25.043576,118.109864,24.591659,2,1
1434,48716.0,118.159317,24.477034,118.185638,25.047628,1,0
1435,48727.0,118.238785,25.062015,118.136646,24.504583,1,1
1436,48747.0,117.948507,25.019702,118.10901,24.589079,1,1
1437,48763.0,118.200649,25.055474,118.124874,24.475648,1,1
1440,48784.0,118.204074,25.057114,118.150196,24.527776,1,1
1442,48844.0,118.159695,24.437648,118.171636,25.079339,2,0
1443,48883.0,118.145752,24.491946,118.192941,25.049214,1,0
1444,48900.0,118.189103,25.051034,118.090961,24.462731,1,1
1448,49074.0,118.088205,24.443878,118.213605,25.045473,1,0
1449,49177.0,118.132837,24.485169,118.187743,25.05819,1,0
1453,49200.0,118.040019,24.550913,118.239797,25.076775,1,0
1452,49200.0,118.180298,25.041299,118.09407,24.59083,1,1
1454,49200.0,118.241804,25.07491,118.079019,24.633511,1,1
1451,49200.0,118.130148,24.493689,117.950429,25.019158,1,0
1460,49212.0,118.179614,25.053645,118.094516,24.632711,1,1
1461,49228.0,118.123604,24.474027,118.192094,25.044495,1,0
1465,49273.0,118.132837,24.485169,118.187743,25.05819,1,0
1466,49274.0,118.201282,25.054714,118.127121,24.515813,1,1
1467,49293.0,118.194491,25.045019,118.067096,24.633538,1,1
1468,49351.0,118.1237,24.535363,118.06022,25.015759,2,0
1469,49482.0,118.197359,24.48323,117.948156,25.023366,1,0
1471,49658.0,118.166461,24.476609,118.182264,25.058607,1,0
1473,49713.0,118.165839,24.511504,118.207021,25.047596,1,0
1474,49741.0,118.090167,24.937345,118.142625,24.519003,1,1
1477,49764.0,118.198241,25.047998,118.145728,24.497794,1,1
1478,49788.0,118.165313,24.51051,118.207021,25.047596,1,0
1480,49800.0,118.079019,24.633511,117.952967,25.016319,1,0
1479,49800.0,118.079019,24.633511,117.952967,25.016319,1,0
1484,49808.0,118.005377,25.007014,118.111794,24.525049,1,1
1494,50061.0,118.190789,25.051637,118.119583,24.502717,3,1
1504,50319.0,118.155316,25.052277,118.141442,24.482015,1,1
1507,50342.0,118.053181,25.018909,118.069099,24.624517,1,1
1557,50400.0,118.098005,24.620722,118.19118,25.049396,1,0
1558,50400.0,118.161085,24.440597,117.954153,25.017832,1,0
1533,50400.0,118.072776,24.562847,118.178192,25.057313,2,0
1512,50400.0,118.189293,25.049926,118.103287,24.468708,1,1
1522,50400.0,118.194495,25.058974,118.109607,24.458517,1,1
1524,50400.0,118.20374,25.066148,118.147566,24.497644,1,1
1582,50400.0,118.195614,25.044688,118.136816,24.531395,1,1
1545,50400.0,118.197092,25.063827,118.12502,24.474878,1,1
1579,50400.0,118.127396,24.467839,118.079686,24.947317,1,0
1568,50400.0,117.971799,25.016406,118.138481,24.491131,1,1
1565,50400.0,118.148031,24.488036,118.156006,25.062803,2,0
1566,50400.0,118.20447,25.061247,118.145648,24.494791,1,1
1517,50400.0,118.227533,25.066795,118.164756,24.442621,1,1
1540,50400.0,117.972238,25.016609,118.14361,24.524175,2,1
1581,50400.0,118.115807,24.582782,118.187321,25.03982,2,0
1552,50400.0,118.060835,24.569904,118.041154,25.231699,1,0
1569,50400.0,118.166916,25.064695,118.101485,24.485842,1,1
1511,50400.0,118.13423,24.491384,118.07936,24.946419,1,0
1518,50400.0,118.163688,24.477125,118.194779,25.054709,1,0
1513,50400.0,118.169123,25.065226,118.133797,24.503216,2,1
1521,50400.0,118.057312,24.60448,118.2077,25.032218,1,0
1520,50400.0,118.029347,24.586917,118.211879,25.044642,2,0
1541,50400.0,118.072776,24.562847,118.178192,25.057313,1,0
1531,50400.0,118.184046,25.051573,118.163344,24.530143,1,1
1560,50400.0,118.121858,24.488084,118.091586,24.976817,1,0
1514,50400.0,118.169203,25.064308,118.133797,24.503216,2,1
1529,50400.0,117.9486,25.01725,118.17126,24.530202,1,1
1553,50400.0,118.136983,24.492809,118.178304,25.055323,1,0
1539,50400.0,118.205414,25.060653,118.124533,24.430932,2,1
1536,50400.0,118.193243,24.483137,118.100081,24.941959,1,0
1525,50400.0,118.182061,25.067953,118.144692,24.480409,1,1
1574,50400.0,118.179388,25.070853,118.091935,24.448726,2,1
1535,50400.0,118.151918,24.475332,118.182545,25.054199,1,0
1554,50400.0,118.082394,24.460618,118.204549,25.049552,1,0
1515,50400.0,118.142012,24.608205,118.179384,25.059379,1,0
1530,50400.0,118.196829,25.046417,118.07973,24.632559,1,1
1559,50400.0,118.11959,24.600153,118.104451,25.018822,1,0
1564,50400.0,118.240218,25.075928,118.130139,24.550636,3,1
1572,50400.0,118.169123,25.065226,118.133797,24.503216,2,1
1555,50400.0,117.994402,25.000568,118.088813,24.459149,1,1
1563,50400.0,118.01181,25.01498,118.09516,24.58229,1,1
1580,50400.0,118.133078,24.489031,118.035766,25.23065,1,0
1549,50400.0,118.121611,24.434383,118.196755,25.059379,1,0
1583,50418.0,118.189101,25.051324,118.147808,24.505038,1,1
1584,50443.0,118.153007,24.49023,118.007457,25.009533,2,0
1585,50461.0,118.159695,24.437648,118.171636,25.079339,2,0
1586,50484.0,118.20142,25.048114,118.160115,24.508084,1,1
1587,50485.0,118.1962,25.03829,118.113256,24.585852,1,1
1589,50519.0,118.121707,24.493334,118.164775,25.067055,1,0
1590,50556.0,118.130406,24.426175,118.040487,25.230392,2,0
1591,50564.0,118.148044,24.509862,118.197859,25.042746,1,0
1592,50571.0,118.23553,25.063744,118.148391,24.501033,1,1
1593,50600.0,118.184325,25.057122,118.115663,24.469199,1,1
1596,50682.0,118.104246,25.018033,118.092841,24.44819,1,1
1598,50690.0,118.096342,24.482086,118.201076,25.05817,1,0
1600,50732.0,118.104246,25.018033,118.092345,24.448257,1,1
1601,50743.0,118.156657,24.515986,118.185327,25.06278,1,0
1602,50758.0,118.098334,24.434531,118.192862,25.043037,1,0
1603,50768.0,118.210186,25.042192,118.144582,24.68689,1,1
1604,50776.0,118.10584,24.586561,118.192075,25.059455,1,0
1605,50781.0,117.9486,25.01725,118.10546,24.582097,1,1
1606,50830.0,118.189728,25.054903,118.149776,24.505033,1,1
1608,50852.0,118.092211,24.494541,118.05178,25.019349,1,0
1609,50863.0,118.201282,25.054714,118.127121,24.515813,1,1
1611,50898.0,118.158994,24.523987,118.202207,25.038912,1,0
1612,50908.0,118.180586,24.500047,118.048357,25.214644,1,0
1613,50928.0,118.180586,24.500047,118.048357,25.214644,1,0
1614,50931.0,118.132151,24.597959,118.068326,25.240179,1,0
1615,50958.0,118.083154,24.601525,118.092402,24.972794,1,0
1616,50999.0,118.149128,24.496715,118.191684,25.037048,1,0
1619,51000.0,118.148031,24.488036,118.156006,25.062803,3,0
1617,51000.0,118.003287,24.999377,118.114539,24.491272,1,1
1620,51007.0,118.153693,24.527937,118.09132,25.024044,1,0
1621,51013.0,118.207605,25.059719,118.121665,24.435135,1,1
1624,51070.0,118.115663,24.469199,118.192105,25.053936,1,0
1625,51087.0,118.130313,24.598776,118.068326,25.240179,1,0
1628,51106.0,118.178788,24.487753,118.17093,25.057356,1,0
1627,51106.0,118.070421,24.590864,118.164903,25.064347,1,0
1629,51111.0,118.097034,25.013576,118.189408,24.478628,1,1
1630,51120.0,118.13423,24.491384,118.181821,25.070571,1,0
1631,51153.0,118.118929,24.480067,118.17093,25.057356,1,0
1635,51272.0,118.130339,24.426092,118.039943,25.230506,2,0
1636,51279.0,118.159101,25.04406,118.12726,24.473748,1,1
1637,51313.0,118.162008,25.063926,118.131853,24.498345,1,1
1640,51329.0,118.138234,24.475456,118.17692,25.056944,1,0
1642,51428.0,117.950506,25.016435,118.130803,24.481943,1,1
1644,51446.0,117.992618,24.583709,118.202711,25.051557,1,0
1646,51465.0,118.097768,24.944442,118.125859,24.489626,2,1
1647,51489.0,118.201951,25.046022,118.092841,24.44819,2,1
1648,51537.0,118.163802,24.502631,118.208663,25.033662,1,0
1650,51552.0,118.114965,24.487725,118.199321,25.062586,1,0
1656,51600.0,118.241601,25.074549,118.141177,24.524376,1,1
1654,51600.0,118.105228,24.586362,118.192075,25.059455,1,0
1657,51641.0,118.193182,25.054252,118.094957,24.61396,1,1
1659,51725.0,118.003827,25.000537,118.111539,24.53057,1,1
1660,51730.0,118.130853,24.517043,118.071728,25.232086,1,0
1662,51796.0,118.158338,24.515939,118.049694,25.222614,1,0
1663,51843.0,118.100111,24.506598,118.125589,25.164796,1,0
1664,51846.0,118.115663,24.469199,118.192105,25.053936,1,0
1667,51893.0,118.172259,25.073225,118.137152,24.519138,1,1
1668,51934.0,118.079878,24.631877,118.193981,25.050283,1,0
1669,51976.0,118.156687,25.063749,118.052114,24.580607,1,1
1670,52004.0,118.062348,25.216674,118.130268,24.422478,2,1
1671,52014.0,118.15053,24.48787,118.205684,25.066029,1,0
1672,52029.0,118.11645,24.520736,118.184336,25.103247,1,0
1675,52079.0,118.102533,24.469631,118.185638,25.047628,1,0
1676,52081.0,118.182396,25.06843,118.156324,24.505053,1,1
1677,52106.0,118.120735,24.471768,118.236462,25.065267,1,0
1679,52143.0,118.099964,24.516601,118.039977,25.230408,1,0
1713,52200.0,118.061447,25.215706,118.130311,24.422636,1,1
1707,52200.0,118.193997,25.04568,118.064882,24.567782,2,1
1735,52200.0,118.169595,24.458039,118.049997,25.231167,1,0
1706,52200.0,118.181664,25.055071,118.180211,24.472684,1,1
1704,52200.0,118.110401,24.48544,118.223286,25.072344,1,0
1691,52200.0,118.079019,24.633511,118.191118,25.053333,1,0
1717,52200.0,118.062438,24.602065,118.197263,25.060497,1,0
1718,52200.0,118.029347,24.586917,118.190929,25.048727,1,0
1689,52200.0,118.074741,25.221787,118.128494,24.476177,1,1
1702,52200.0,118.182928,25.068613,118.109126,24.597183,2,1
1687,52200.0,118.092377,24.448695,118.055729,25.235827,2,0
1727,52200.0,118.079019,24.633511,118.016713,25.194606,1,0
1698,52200.0,118.149662,24.4938,118.19722,25.060364,1,0
1734,52200.0,118.083065,24.450333,118.204482,25.05623,2,0
1730,52200.0,118.213531,25.045227,118.094785,24.466125,1,1
1686,52200.0,118.206443,25.046638,118.086342,24.447573,1,1
1695,52200.0,118.195614,25.044688,118.136877,24.531275,1,1
1683,52200.0,118.184931,24.504156,118.202905,25.06646,1,0
1711,52200.0,118.180359,24.467437,118.095131,25.196507,1,0
1690,52200.0,118.076309,25.222119,118.128494,24.476177,1,1
1721,52200.0,118.149965,24.42953,118.104451,25.018822,2,0
1694,52200.0,118.190382,25.046053,118.107081,24.472164,1,1
1724,52200.0,118.119399,24.596417,118.192496,25.036518,1,0
1732,52200.0,118.214033,25.052434,118.136128,24.531814,1,1
1692,52200.0,118.110401,24.48544,117.946137,25.019853,1,0
1739,52200.0,118.20031,25.058518,118.15701,24.507935,1,1
1726,52200.0,118.121728,24.474001,118.209429,25.037242,1,0
1685,52200.0,118.177138,24.483397,118.045219,25.221812,1,0
1722,52200.0,118.079019,24.633511,118.177851,25.057389,1,0
1736,52200.0,118.079019,24.633511,118.177851,25.057389,1,0
1712,52200.0,118.091677,24.62959,118.20099,25.056053,1,0
1696,52200.0,118.1962,25.03829,118.072442,24.627364,1,1
1716,52200.0,118.180586,24.500047,118.048357,25.214644,1,0
1733,52200.0,118.096596,25.014103,118.056778,24.581027,1,1
1740,52200.0,118.038683,25.211201,118.165683,24.529028,1,1
1710,52200.0,118.097579,24.570666,118.182494,25.06727,2,0
1684,52200.0,118.134957,24.508997,118.04718,25.228572,4,0
1744,52249.0,118.156932,24.492621,118.049557,25.222283,2,0
1746,52345.0,118.110401,24.48544,117.946137,25.019853,1,0
1747,52349.0,118.195018,25.05533,118.140249,24.490113,1,1
1748,52355.0,118.121399,24.546373,118.191906,25.061407,1,0
1749,52371.0,118.114531,24.491269,118.002888,24.999617,1,0
1751,52392.0,118.177923,25.056094,118.146888,24.500075,1,1
1752,52400.0,118.206464,25.066622,118.061361,24.572537,2,1
1753,52469.0,118.11645,24.520736,118.165698,25.129159,1,0
1754,52483.0,118.205158,25.051665,118.175592,24.481336,1,1
1760,52612.0,118.078303,24.631644,118.203641,25.05417,1,0
1761,52616.0,118.003526,25.000041,118.105621,24.581442,1,1
1763,52688.0,118.151615,24.507327,118.196589,25.045644,1,0
1764,52751.0,118.074252,24.630063,118.203641,25.05417,1,0
1767,52800.0,118.152735,24.541456,118.204572,25.062342,1,0
1776,52800.0,118.116661,24.514388,118.120375,25.1357,1,0
1771,52800.0,118.181542,25.061102,118.121095,24.436604,1,1
1769,52800.0,118.083065,24.450333,118.204482,25.05623,3,0
1766,52800.0,118.205506,25.067383,118.1304,24.491797,1,1
1770,52800.0,118.111075,25.136887,118.105381,24.502286,2,1
1775,52800.0,118.169123,25.065226,118.133797,24.503216,2,1
1777,52866.0,118.153693,24.527937,118.09132,25.024044,1,0
1778,52917.0,118.096618,24.582489,118.17093,25.057356,1,0
1779,52918.0,118.082986,25.017511,118.15139,24.5173,1,1
1782,52983.0,118.148682,24.494246,117.946906,25.013809,1,0
1785,53140.0,118.167877,24.515514,118.09757,24.997176,1,0
1793,53266.0,118.18834,25.043567,118.073456,24.638896,1,1
1794,53297.0,118.137411,24.532008,118.163974,25.069684,1,0
1797,53389.0,118.19339,24.491802,118.164396,25.06371,1,0
1804,53400.0,118.203584,25.056085,118.118344,24.501962,2,1
1801,53400.0,118.194813,25.057986,118.131917,24.498231,1,1
1806,53400.0,118.19281,25.05556,118.157573,24.528694,1,1
1807,53400.0,118.18834,25.043567,118.075133,24.64045,1,1
1802,53400.0,118.203584,25.056085,118.118344,24.501962,2,1
1805,53400.0,118.077842,24.455353,118.184043,25.049926,1,0
1809,53459.0,118.137411,24.532008,118.039977,25.230408,1,0
1812,53555.0,118.22554,25.066036,118.158994,24.52807,1,1
1814,53563.0,118.151615,24.507327,118.196589,25.045644,1,0
1813,53563.0,118.139608,24.490715,118.191116,25.053333,1,0
1815,53573.0,118.062438,24.602065,118.197263,25.060497,1,0
1816,53694.0,118.062438,24.602065,118.220213,25.075356,1,0
1818,53711.0,118.15715,25.0496,118.15878,24.49494,1,1
1817,53711.0,118.159833,25.064989,118.140006,24.51873,1,1
1820,53733.0,118.197588,25.050551,118.152323,24.542164,1,1
1821,53734.0,118.149134,24.524688,118.090167,24.937345,1,0
1822,53778.0,118.157714,25.061877,118.106817,24.465832,1,1
1824,53836.0,118.103216,24.468236,118.201748,25.046916,1,0
1825,53845.0,118.151587,24.507317,118.196589,25.045644,1,0
1826,53859.0,118.045227,25.208199,118.145728,24.497794,1,1
1829,53936.0,118.237412,25.076014,118.092299,24.631885,2,1
1831,54000.0,118.079019,24.633511,118.177851,25.057389,1,0
1834,54000.0,118.13195,24.479195,118.202207,25.038912,1,0
1846,54000.0,118.053181,25.018909,118.071351,24.613595,1,1
1843,54000.0,118.053181,25.018909,118.071351,24.613595,1,1
1835,54000.0,118.022042,24.585788,118.178424,25.062876,1,0
1882,54000.0,118.02447,25.20059,118.151525,24.498744,2,1
1876,54000.0,118.207624,25.051041,118.099844,24.504471,1,1
1859,54000.0,118.158994,24.523987,118.155342,25.05593,1,0
1854,54000.0,118.234982,25.078996,118.079019,24.633511,1,1
1865,54000.0,118.098334,24.434531,118.192862,25.043037,1,0
1839,54000.0,118.16951,25.064998,118.174373,24.464672,1,1
1849,54000.0,118.050874,24.578062,118.068911,25.21991,1,0
1885,54000.0,118.098898,25.012349,118.106213,24.482883,1,1
1840,54000.0,117.951587,25.017251,118.133369,24.489486,1,1
1842,54000.0,118.013599,25.019189,118.140042,24.522203,2,1
1847,54000.0,118.193053,25.057528,118.087945,24.460322,1,1
1852,54000.0,118.237826,25.062352,118.136646,24.504583,1,1
1873,54000.0,118.202151,25.059727,118.10289,24.485952,1,1
1860,54000.0,118.091837,24.465765,118.194134,25.054885,1,0
1832,54000.0,118.196755,25.059379,118.12264,24.434526,1,1
1850,54000.0,118.192563,25.057977,118.169625,24.477211,1,1
1851,54000.0,118.203898,25.067566,118.136873,24.487796,1,1
1848,54000.0,118.152662,24.490126,118.191116,25.053333,1,0
1857,54000.0,118.110401,24.48544,118.004961,25.00043,1,0
1881,54000.0,118.09784,24.948987,118.049875,24.55942,1,1
1867,54000.0,118.182668,24.476433,118.195985,25.046848,1,0
1871,54000.0,118.053181,25.018909,118.069099,24.624517,1,1
1861,54000.0,118.079019,24.633511,118.193929,25.035816,1,0
1886,54051.0,118.185638,25.047628,118.123283,24.473998,1,1
1891,54074.0,118.194795,25.038423,118.112617,24.5263,1,1
1894,54133.0,118.182858,25.066356,118.091677,24.62959,1,1
1895,54140.0,118.178192,25.057313,118.171845,24.537606,1,1
1900,54280.0,118.180507,25.054884,118.067698,24.560147,1,1
1901,54281.0,118.172738,25.056333,118.138982,24.477426,1,1
1902,54285.0,118.184965,25.052293,118.125188,24.428438,1,1
1909,54467.0,118.162008,25.063926,118.131853,24.498345,1,1
1910,54490.0,118.173691,25.074103,118.150368,24.489373,1,1
1921,54600.0,118.19302,25.052704,118.086342,24.447573,1,1
1920,54600.0,118.206443,25.046638,118.086342,24.447573,1,1
1915,54600.0,118.0206,25.210704,118.17126,24.530202,1,1
1923,54623.0,118.195879,25.047476,118.130219,24.495082,1,1
1925,54660.0,118.222668,25.076035,118.070573,24.569931,1,1
1927,54761.0,118.013599,25.019189,118.113659,24.582844,1,1
1928,54812.0,118.208752,25.037587,118.203477,24.664631,1,1
1929,54824.0,118.155164,24.526004,118.210622,25.043036,1,0
1930,54838.0,118.007457,25.009533,118.145728,24.497794,1,1
1931,54862.0,118.183743,25.068364,118.119292,24.52558,1,1
1934,54878.0,118.110275,24.464229,118.194779,25.054709,1,0
1935,54883.0,118.235296,25.065584,118.121159,24.471436,1,1
1936,54894.0,118.124188,24.470726,118.193865,25.056408,1,0
1939,54978.0,118.104551,24.606786,118.015345,25.015993,1,0
1940,55008.0,118.178459,25.062876,118.119194,24.525103,1,1
1943,55025.0,118.178152,25.050655,118.110055,24.541304,1,1
1944,55049.0,118.100778,25.018568,118.070211,24.561552,1,1
1946,55094.0,118.178459,25.062876,118.119194,24.525103,1,1
1949,55123.0,118.112929,24.608685,118.098115,24.985038,1,0
1950,55128.0,118.156687,25.063749,118.123263,24.510198,1,1
1958,55200.0,118.185148,25.064658,118.100066,24.5056,1,1
1959,55200.0,118.185639,25.047627,118.115532,24.499996,1,1
1957,55200.0,118.121728,24.474001,118.209429,25.037242,2,0
1955,55200.0,118.150574,24.471186,118.198137,25.056427,1,0
1952,55200.0,118.188432,25.044989,118.115532,24.499996,1,1
1960,55221.0,118.135045,24.486271,118.233913,25.069256,1,0
1961,55232.0,118.079433,24.603657,118.175247,25.057292,1,0
1962,55240.0,118.196417,25.044616,118.130394,24.48427,1,1
1963,55281.0,118.170761,24.459534,118.082842,25.024092,1,0
1964,55306.0,118.125859,24.489626,118.097768,24.944442,2,0
1967,55368.0,118.182705,25.054991,118.129045,24.54211,1,1
1970,55435.0,118.11791,24.464139,118.172865,25.078714,1,0
1971,55459.0,118.158992,25.066314,118.105614,24.582672,1,1
1972,55476.0,118.13795,24.493329,118.235483,25.062555,1,0
1973,55492.0,118.184537,24.475632,118.206964,25.058025,1,0
1975,55551.0,118.096804,24.571295,118.202207,25.038912,1,0
1976,55566.0,118.118177,25.009217,118.164412,24.505296,1,1
1977,55656.0,118.163843,24.49351,118.185149,25.06466,1,0
1978,55659.0,118.049598,25.241081,118.117029,24.503036,1,1
1979,55661.0,118.15687,25.050232,118.147652,24.492991,1,1
1982,55691.0,118.196184,24.483183,118.202269,25.059489,1,0
1983,55701.0,118.069533,25.009962,118.144614,24.490569,1,1
1984,55707.0,118.080263,24.631429,118.159795,25.055117,2,0
1985,55733.0,118.200191,25.058562,118.158971,24.494043,1,1
2008,55800.0,118.062348,25.216674,118.130268,24.422478,2,1
2011,55800.0,118.191122,25.056876,118.123257,24.475567,1,1
2014,55800.0,118.167383,24.455169,118.049997,25.231167,1,0
2025,55800.0,118.101399,24.45607,118.198748,25.063896,1,0
2002,55800.0,118.199816,25.056169,118.136807,24.491125,1,1
1989,55800.0,118.120221,24.515298,118.193934,25.058016,1,0
1992,55800.0,118.107345,24.519968,118.216388,25.050021,1,0
2019,55800.0,118.202412,25.067959,118.12465,24.484393,1,1
2016,55800.0,118.178053,25.066435,118.104947,24.587482,1,1
2024,55800.0,118.113306,24.485373,118.199321,25.062586,1,0
2015,55800.0,118.167383,24.455169,118.049997,25.231167,1,0
1991,55800.0,118.002369,24.998878,118.108114,24.517651,1,1
2022,55800.0,118.116932,24.486285,118.199321,25.062586,1,0
2010,55800.0,118.206133,25.050145,118.124187,24.494287,1,1
1987,55800.0,118.14061,24.53905,118.208166,25.049223,1,0
2007,55800.0,118.234231,25.063492,118.180211,24.472684,1,1
2018,55800.0,118.116327,24.464977,118.193665,25.041266,1,0
2029,55800.0,118.114531,24.491269,118.002888,24.999617,1,0
2001,55800.0,118.047118,25.228208,118.123399,24.475099,2,1
2030,55800.0,118.097215,24.58415,118.013559,25.016327,1,0
1990,55800.0,118.177503,25.067518,118.12188,24.534874,1,1
2023,55800.0,118.200577,25.038966,118.15847,24.515642,2,1
1998,55800.0,118.165986,24.470091,118.19395,25.05839,1,0
2027,55800.0,118.205891,25.050089,118.124187,24.494287,1,1
1988,55800.0,118.14061,24.53905,118.208166,25.049223,1,0
1995,55800.0,118.097277,24.583833,118.013559,25.016327,1,0
1993,55800.0,118.104445,25.017404,118.121777,24.506234,1,1
1996,55800.0,118.15701,24.507935,118.179846,25.059144,1,0
2031,55824.0,118.107908,24.51243,118.19281,25.05556,1,0
2032,55842.0,118.103285,24.468708,118.178121,25.051061,1,0
2033,55860.0,118.179463,25.04995,118.132368,24.494135,1,1
2034,55879.0,118.170839,24.472632,118.175839,25.057015,1,0
2035,55886.0,118.110445,25.131019,118.082827,24.448068,1,1
2036,55927.0,118.125549,24.472454,118.169495,25.078411,1,0
2041,56096.0,118.190585,25.045899,118.133157,24.447373,1,1
2045,56112.0,118.192334,25.053096,118.123393,24.478232,1,1
2047,56125.0,118.103715,24.469756,118.039977,25.230408,1,0
2051,56336.0,118.186848,25.044753,118.127066,24.550346,1,1
2052,56374.0,118.236703,25.071147,118.169066,24.530687,1,1
2061,56400.0,118.137411,24.532008,118.058172,25.23035,1,0
2060,56400.0,118.092102,24.493012,118.176762,25.067791,1,0
2053,56400.0,118.032909,24.56635,118.198476,25.044406,1,0
2058,56400.0,118.102978,24.577766,118.168375,25.06455,1,0
2063,56400.0,118.079938,24.460092,118.190271,25.052069,1,0
2057,56400.0,118.14278,24.515578,118.200907,25.045821,1,0
2054,56400.0,118.102978,24.577766,118.20618,25.071401,1,0
2056,56400.0,118.190735,25.049518,118.151191,24.529125,1,1
2065,56435.0,118.190165,25.049999,118.055882,24.604328,1,1
2070,56575.0,118.112939,24.512591,118.17493,25.062925,1,0
2071,56604.0,118.18013,25.05571,118.136017,24.48836,1,1
2072,56605.0,118.176759,24.503872,118.158141,25.069517,1,0
2074,56617.0,118.132214,24.423837,118.210622,25.043036,1,0
2075,56642.0,118.156034,25.066578,118.137497,24.493022,1,1
2076,56646.0,118.117054,24.503231,118.032451,25.204782,1,0
2077,56670.0,118.192989,25.045412,118.092438,24.446704,1,1
2078,56674.0,118.195296,25.044361,118.18493,24.504156,1,1
2079,56709.0,118.202202,25.067071,118.113823,24.477688,1,1
2082,56792.0,118.16035,25.056688,118.114446,24.607657,1,1
2085,56922.0,118.082135,24.482268,118.097035,25.013577,1,0
2087,56969.0,118.163684,24.497677,118.213696,25.04421,1,0
2089,57000.0,118.101399,24.45607,118.198748,25.063896,1,0
2098,57000.0,118.078911,24.633657,118.004962,25.000429,1,0
2099,57000.0,118.149777,24.505034,118.182683,25.049734,1,0
2097,57000.0,118.167601,24.52588,118.100151,25.01281,1,0
2100,57000.0,118.157305,25.04904,118.15878,24.49494,1,1
2090,57000.0,118.115532,24.499996,118.185639,25.047627,1,0
2096,57000.0,118.169123,25.065226,118.133797,24.503216,2,1
2091,57000.0,118.158994,24.523987,118.202207,25.038912,1,0
2102,57024.0,118.226892,25.071523,118.122702,24.534155,1,1
2103,57025.0,118.197467,25.06122,118.153286,24.514971,1,1
2104,57078.0,118.097768,24.944442,118.125859,24.489626,2,1
2107,57145.0,118.225987,25.064171,118.079019,24.633511,1,1
2108,57152.0,118.105073,24.511615,118.208372,25.054921,1,0
2109,57153.0,118.190863,25.057417,118.18496,24.504047,1,1
2110,57196.0,118.20031,25.05436,118.055945,24.604333,1,1
2111,57236.0,118.199963,25.056296,118.05425,24.59159,1,1
2112,57252.0,118.067507,24.591783,118.204919,25.06184,1,0
2114,57301.0,118.047351,24.578636,118.19321,25.037201,2,0
2118,57390.0,118.112023,24.58675,118.171561,25.061912,1,0
2119,57395.0,118.112724,24.518938,118.21095,25.057961,1,0
2121,57429.0,118.166695,25.129701,118.048914,24.568533,2,1
2129,57600.0,118.183968,25.050512,118.093556,24.467371,1,1
2126,57600.0,118.040903,25.213687,118.12459,24.505205,1,1
2138,57600.0,118.095304,24.95571,118.113293,24.525589,1,1
2149,57600.0,118.072963,25.011167,118.118997,24.52304,1,1
2143,57600.0,118.241947,25.074368,118.152323,24.542164,1,1
2133,57600.0,118.240171,25.076127,118.142242,24.537209,2,1
2135,57600.0,118.190863,25.044895,118.079019,24.633511,1,1
2144,57600.0,118.113829,24.574644,118.060034,25.221334,1,0
2155,57600.0,118.100298,24.50636,118.086705,24.982194,1,0
2134,57600.0,118.240171,25.076127,118.142242,24.537209,1,1
2139,57600.0,118.080213,24.460465,118.191445,25.051039,1,0
2127,57600.0,118.079019,24.633511,118.055688,25.235666,1,0
2148,57600.0,118.193687,25.054876,118.147482,24.509539,1,1
2131,57600.0,118.139729,24.517177,118.191257,25.040309,1,0
2141,57600.0,118.18673,24.48724,117.994402,25.000568,1,0
2136,57600.0,118.089257,24.457906,118.162012,25.06962,1,0
2146,57600.0,118.069345,25.014363,118.131059,24.507792,1,1
2154,57600.0,118.19019,25.039167,118.12726,24.473748,2,1
2128,57600.0,118.145101,24.485233,118.073226,25.018177,1,0
2156,57610.0,118.139763,24.609126,118.156687,25.063749,1,0
2157,57628.0,118.187162,24.505938,118.205024,25.06176,1,0
2158,57632.0,118.067386,24.560558,118.164854,25.064086,2,0
2159,57649.0,118.105276,24.48684,118.027994,25.198088,1,0
2160,57651.0,118.046561,24.578577,118.19321,25.037201,2,0
2161,57726.0,118.177419,25.067558,118.12188,24.534874,1,1
2163,57751.0,118.189371,25.055482,118.144714,24.519995,1,1
2166,57791.0,118.094795,24.495928,118.191137,25.053227,1,0
2170,57835.0,118.156438,24.525103,118.095154,25.16829,1,0
2172,57864.0,118.157184,24.509971,118.164854,25.064085,1,0
2174,57910.0,118.09162,24.446313,118.191591,25.059561,1,0
2176,58093.0,118.189708,25.038959,118.116917,24.50327,1,1
2179,58176.0,118.196468,25.044567,118.116661,24.514388,1,1
2191,58200.0,118.100234,25.012592,118.100204,24.453107,1,1
2187,58200.0,118.091797,24.988709,118.066268,24.615474,1,1
2185,58200.0,118.190735,25.049518,118.151191,24.529125,1,1
2182,58200.0,118.089636,24.936834,118.121819,24.510903,1,1
2196,58277.0,118.160349,25.063389,118.17565,24.477121,1,1
2197,58322.0,118.165848,25.067115,118.13983,24.48722,1,1
2198,58340.0,118.202412,25.067959,118.084177,24.459329,1,1
2199,58351.0,118.207171,25.031286,118.082107,24.482258,1,1
2203,58544.0,118.19208,25.052343,118.115673,24.458521,1,1
2205,58633.0,118.226841,25.071363,118.140707,24.611815,2,1
2210,58759.0,118.22687,25.071478,118.140707,24.611815,2,1
2216,58800.0,118.009217,25.017188,118.177901,24.464977,1,1
2221,58800.0,118.162842,25.048362,118.153678,24.541629,1,1
2226,58860.0,117.948983,25.01747,118.164295,24.511931,1,1
2228,58865.0,118.224966,25.065531,118.118925,24.511809,1,1
2230,58945.0,118.224966,25.065531,118.118925,24.511809,1,1
2234,59064.0,118.17812,25.051061,118.12022,24.515298,2,1
2235,59158.0,118.225796,25.066773,118.137411,24.532008,1,1
2236,59194.0,118.225796,25.066773,118.137411,24.532008,2,1
2237,59203.0,118.208408,25.052161,118.13337,24.489486,1,1
2238,59278.0,118.121614,24.50682,118.175221,25.057064,1,0
2239,59310.0,118.196633,25.035353,118.183877,24.464258,1,1
2242,59371.0,118.141264,24.498289,118.1918,25.056076,1,0
2276,59400.0,118.090167,24.937345,118.117029,24.503036,1,1
2269,59400.0,118.135076,24.525767,118.178166,25.057424,1,0
2248,59400.0,118.095136,24.948197,118.117567,24.52294,1,1
2279,59400.0,118.150422,24.528024,118.10444,25.020067,1,0
2275,59400.0,118.183968,25.050512,118.093556,24.467371,1,1
2257,59400.0,118.19284,25.054024,118.115673,24.458521,1,1
2271,59400.0,118.08003,24.613292,118.038076,25.22922,1,0
2280,59400.0,118.034343,24.566401,118.168397,25.064719,2,0
2262,59400.0,118.193934,25.058016,118.151024,24.487572,1,1
2273,59400.0,118.168336,25.057706,118.164542,24.472297,1,1
2261,59400.0,118.195543,24.472164,118.198846,25.063863,1,0
2246,59400.0,118.204729,25.06845,118.118114,24.586791,1,1
2255,59400.0,118.232275,25.069422,118.180908,24.501836,1,1
2283,59400.0,118.100528,24.456446,118.190484,25.044965,1,0
2249,59400.0,118.066162,24.558804,118.104441,25.020069,1,0
2250,59400.0,118.104963,24.586836,118.180116,25.063326,1,0
2277,59400.0,118.013128,25.016711,118.047088,24.578904,1,1
2274,59400.0,118.168816,25.058173,118.164542,24.472297,1,1
2260,59400.0,118.001919,24.999195,118.085731,24.447213,1,1
2252,59400.0,118.181542,25.061102,118.150922,24.488981,1,1
2284,59424.0,118.145792,24.48906,118.158258,25.062506,1,0
2285,59472.0,118.148821,24.505807,118.184325,25.057122,2,0
2290,59576.0,118.1095,24.581653,118.194497,25.040915,2,0
2292,59616.0,118.236983,25.071186,118.146778,24.520591,1,1
2294,59629.0,118.085741,24.4845,118.198362,25.044847,1,0
2295,59677.0,117.94758,25.021695,118.126106,24.584711,1,1
2296,59685.0,118.143502,24.501659,118.204986,25.061755,1,0
2297,59691.0,118.029676,25.201625,118.165694,24.529576,2,1
2298,59747.0,118.05446,25.233829,118.095429,24.488915,1,1
2300,59784.0,118.144053,24.505227,118.180331,25.070758,2,0
2302,59792.0,118.183099,25.068378,118.070618,24.558833,1,1
2303,59835.0,118.121507,24.506774,118.175221,25.057064,1,0
2305,59881.0,118.053505,24.579699,118.193082,25.045135,1,0
2308,59932.0,118.202207,25.038912,118.128533,24.482473,1,1
2309,59945.0,118.208389,25.052676,118.165937,24.529001,1,1
2311,59963.0,118.039943,25.230506,118.171327,24.518031,1,1
2313,59985.0,118.205679,25.052204,118.182296,24.476885,1,1
2315,59996.0,118.17093,25.057356,118.060822,24.618821,1,1
2318,60000.0,118.189394,25.055362,118.144714,24.519995,1,1
2322,60000.0,118.135076,24.525767,118.178166,25.057424,1,0
2320,60000.0,118.167733,25.056393,118.150621,24.48764,1,1
2316,60000.0,118.192389,25.036466,118.162263,24.439906,2,1
2323,60000.0,118.166332,25.054095,118.074499,24.626224,1,1
2325,60026.0,118.109933,24.582492,118.19409,25.054853,1,0
2329,60185.0,118.112934,24.522754,118.00219,24.998304,1,0
2330,60190.0,118.168397,25.064718,118.140998,24.494613,1,1
2331,60213.0,118.116052,24.61102,118.057759,25.014439,1,0
2335,60249.0,118.1915,25.050338,118.117708,24.466309,1,1
2336,60268.0,118.182552,24.499563,118.18364,25.04315,1,0
2338,60284.0,118.133014,24.510099,118.192634,25.044922,1,0
2340,60320.0,118.048914,24.568533,118.043931,25.229107,1,0
2344,60365.0,118.129892,24.478883,118.161931,25.072804,1,0
2350,60579.0,118.153747,24.528706,118.191116,25.053333,1,0
2360,60600.0,118.137825,24.517926,118.206948,25.058051,1,0
2361,60600.0,118.08003,24.613292,118.038076,25.22922,1,0
2353,60600.0,118.241774,25.074291,118.152323,24.542164,1,1
2352,60600.0,118.125191,24.477208,118.187624,25.044888,1,0
2355,60600.0,118.058044,24.495275,118.038076,25.22922,1,0
2354,60600.0,118.034193,24.530229,118.038076,25.22922,1,0
2363,60663.0,118.120463,24.52627,118.235929,25.068855,1,0
2364,60672.0,118.195935,25.038406,118.152427,24.506468,1,1
2366,60754.0,118.065594,24.611985,118.180549,25.04181,1,0
2367,60767.0,118.119077,24.467735,118.189998,25.05579,1,0
2370,60858.0,118.049233,25.240121,118.111188,24.473669,1,1
2374,60921.0,118.028358,24.560278,118.1918,25.056076,1,0
2376,60930.0,118.149379,24.500343,118.191116,25.053333,1,0
2378,60981.0,118.066683,25.22958,118.168321,24.533602,1,1
2379,60999.0,118.055584,25.235568,118.185599,24.504714,1,1
2382,61058.0,118.191731,25.054499,118.115817,24.529538,1,1
2384,61059.0,118.112065,24.608387,118.17812,25.051061,2,0
2383,61059.0,118.16649,25.078303,118.123401,24.514354,1,1
2386,61071.0,118.166144,24.507168,118.04296,25.022062,1,0
2387,61102.0,118.104451,25.018822,118.126106,24.584711,1,1
2389,61164.0,118.231743,25.071273,118.145406,24.488,1,1
2391,61171.0,118.152687,24.514927,118.180059,25.056143,1,0
2392,61191.0,118.131853,24.498345,118.153711,25.050263,1,0
2441,61200.0,118.10638,24.567413,118.178811,25.056862,1,0
2400,61200.0,118.206714,25.065719,118.17835,24.462869,1,1
2399,61200.0,118.097775,24.441604,118.191116,25.053333,1,0
2419,61200.0,118.213817,25.044139,118.138292,24.471674,1,1
2428,61200.0,118.161822,24.523355,118.043914,25.227809,1,0
2438,61200.0,118.180298,25.041299,118.122026,24.492685,1,1
2439,61200.0,118.098927,25.012676,118.062593,24.569191,1,1
2427,61200.0,118.13467,24.502243,118.013449,25.020698,1,0
2397,61200.0,118.049553,24.61369,118.193211,25.037201,1,0
2435,61200.0,118.199528,25.063043,118.082135,24.482268,1,1
2418,61200.0,118.125518,24.510922,118.198849,25.063605,1,0
2409,61200.0,118.163606,25.072031,118.11847,24.47992,1,1
2422,61200.0,118.213605,25.045473,118.058333,24.56423,1,1
2396,61200.0,118.194073,25.034139,118.06397,24.558607,1,1
2393,61200.0,118.182339,24.477001,118.184326,25.057125,1,0
2410,61200.0,118.188504,24.504009,118.182879,25.061878,1,0
2404,61200.0,118.004555,24.99909,118.178678,24.477516,1,1
2394,61200.0,118.201804,25.039209,118.177138,24.483397,1,1
2430,61200.0,118.192401,25.04572,118.098604,24.628401,1,1
2442,61200.0,118.150422,24.528024,118.10444,25.020067,1,0
2433,61200.0,118.072443,24.562697,118.1962,25.03829,1,0
2406,61200.0,118.241621,25.073942,118.079019,24.633512,1,1
2443,61200.0,118.091617,24.446309,118.196194,25.043057,1,0
2402,61200.0,118.113659,24.582844,118.208154,25.046421,1,0
2398,61200.0,118.155835,24.529281,118.153817,25.054449,1,0
2440,61200.0,118.129892,24.478883,118.016493,25.194556,1,0
2437,61200.0,118.201049,25.058224,118.159962,24.520168,1,1
2426,61200.0,118.128966,24.596242,118.168397,25.064718,1,0
2445,61257.0,118.204658,25.061638,118.120427,24.477209,1,1
2446,61265.0,118.150483,24.524909,118.230949,25.085683,1,0
2449,61335.0,118.164292,24.51193,118.191119,25.053334,1,0
2450,61365.0,118.137445,24.49384,117.948156,25.023365,1,0
2451,61366.0,118.165324,24.525517,118.044561,25.232046,1,0
2452,61376.0,118.116198,24.610914,118.057759,25.014439,1,0
2453,61379.0,118.092383,24.446768,118.192965,25.04543,1,0
2454,61384.0,118.151443,24.514153,118.17354,25.05031,1,0
2455,61385.0,118.231743,25.071273,118.145406,24.488,1,1
2456,61529.0,118.188451,25.04526,118.182296,24.476885,1,1
2457,61685.0,118.193798,24.472935,118.224959,25.081185,1,0
2460,61743.0,118.195801,25.03753,118.146397,24.492869,1,1
2461,61771.0,118.193017,25.052705,118.092419,24.498142,1,1
2462,61775.0,118.019122,24.58581,118.173633,25.067914,1,0
2466,61800.0,118.172528,24.489009,118.165333,25.049626,1,0
2473,61800.0,118.170805,24.472305,118.201076,25.05817,1,0
2464,61800.0,118.221472,25.07511,118.159926,24.520232,1,1
2471,61800.0,118.173924,24.458104,118.021678,25.20823,1,0
2469,61800.0,118.085741,24.4845,118.198362,25.044847,1,0
2476,61800.0,118.189704,25.051898,118.131323,24.493367,1,1
2477,61800.0,118.0952,25.168271,118.125357,24.47121,1,1
2465,61800.0,118.182552,24.47721,118.191704,25.049285,1,0
2467,61800.0,118.182407,24.485037,118.188876,25.039757,1,0
2468,61800.0,118.1918,25.056076,118.131574,24.487166,1,1
2478,61800.0,118.166369,25.081073,118.181386,24.499124,1,1
2481,61854.0,118.073569,25.217193,118.12102,24.602666,1,1
2482,61863.0,118.127446,24.543718,118.040485,25.23039,1,0
2483,61871.0,118.098647,25.003985,118.085876,24.454622,1,1
2484,61885.0,118.138426,24.503369,118.0952,25.168271,2,0
2485,61903.0,118.103214,24.461807,118.059291,25.013696,2,0
2488,62000.0,118.11439,24.464493,118.193665,25.041266,1,0
2489,62002.0,118.071992,24.560829,118.00943,25.015125,1,0
2490,62023.0,118.165825,24.511919,118.004961,25.00043,1,0
2492,62032.0,118.163138,25.062864,118.060822,24.618821,1,1
2493,62040.0,118.10638,24.567413,118.178811,25.056862,1,0
2495,62064.0,118.151805,24.528408,118.168816,25.058173,1,0
2496,62065.0,118.062709,24.58143,118.194739,25.058058,1,0
2497,62077.0,118.062109,25.229647,118.162912,24.502929,1,1
2501,62251.0,118.144426,24.478625,118.093431,25.01862,1,0
2502,62320.0,118.137737,24.495989,118.189117,25.055852,1,0
2507,62400.0,118.17658,24.483817,118.099021,25.013226,1,0
2511,62400.0,118.187357,24.503649,118.180778,25.048304,1,0
2514,62400.0,118.20142,25.048114,118.119067,24.46788,1,1
2513,62400.0,118.091535,24.596099,118.192259,25.053146,1,0
2518,62495.0,118.026822,25.217352,118.142242,24.537209,1,1
2520,62504.0,118.12156,24.522707,118.194558,25.045346,2,0
2521,62511.0,118.17397,25.074792,118.103287,24.468708,2,1
2522,62512.0,118.120358,24.520723,118.208205,25.047871,1,0
2523,62592.0,118.140766,24.494161,118.157541,25.051348,1,0
2525,62633.0,118.105865,24.535448,118.206076,25.051399,1,0
2528,62734.0,117.949228,25.020004,118.108708,24.595497,1,1
2529,62820.0,118.18496,24.504047,118.195614,25.044688,1,0
2530,62862.0,118.194935,25.039968,118.120148,24.492548,1,1
2532,62943.0,118.12005,24.520882,118.208205,25.047871,1,0
2535,62962.0,118.212733,25.050903,118.182369,24.501971,1,1
2572,63000.0,118.212315,25.061578,118.135944,24.499958,1,1
2541,63000.0,118.161681,25.069507,118.060175,24.617964,1,1
2551,63000.0,118.204925,25.06184,118.145727,24.497795,1,1
2542,63000.0,118.161681,25.069507,118.060175,24.617964,1,1
2554,63000.0,118.199528,25.063043,118.082135,24.482268,1,1
2574,63000.0,118.15604,25.066578,118.082135,24.482268,1,1
2545,63000.0,118.185929,25.061006,118.064931,24.571802,1,1
2550,63000.0,118.19441,25.039208,118.100527,24.456227,1,1
2575,63000.0,118.15604,25.066578,118.082135,24.482268,1,1
2552,63000.0,118.049999,25.230607,118.112228,24.466245,1,1
2563,63000.0,118.193246,25.056174,118.177618,24.462776,1,1
2569,63000.0,118.205165,25.068813,118.161159,24.527312,2,1
2570,63000.0,118.101312,25.016421,118.094823,24.460742,1,1
2544,63000.0,118.100348,24.995856,118.089561,24.443182,1,1
2580,63016.0,118.194323,25.050281,118.195656,24.52899,1,1
2585,63365.0,118.203157,25.067366,118.14807,24.489312,1,1
2586,63373.0,118.130418,24.550797,118.203798,25.050545,1,0
2587,63391.0,117.952967,25.016319,118.152707,24.541445,1,1
2588,63421.0,118.170854,24.459635,118.16039,25.068981,1,0
2590,63483.0,118.080039,24.450094,118.058597,25.015608,3,0
2591,63519.0,118.19441,25.039208,118.100527,24.456227,1,1
2594,63554.0,118.069267,25.226781,118.110719,24.467463,1,1
2596,63595.0,118.091935,24.448726,118.199971,25.066309,1,0
2597,63600.0,118.056548,24.604736,118.182447,25.067359,1,0
2610,63600.0,118.241964,25.074278,118.136126,24.531815,3,1
2598,63600.0,118.164104,24.474158,118.181774,25.049448,1,0
2608,63600.0,118.212129,25.04099,118.149662,24.4938,1,1
2601,63600.0,118.187502,24.482755,118.196215,25.045393,1,0
2602,63600.0,118.182369,24.501971,118.206876,25.047692,1,0
2605,63600.0,118.033919,25.213242,118.075133,24.64045,1,1
2609,63600.0,118.079019,24.633511,118.047862,25.216839,1,0
2613,63603.0,118.14525,24.471305,118.050958,25.233645,1,0
2614,63617.0,118.167383,24.455169,118.200302,25.045564,1,0
2615,63662.0,118.19441,25.039208,118.100527,24.456227,2,1
2618,63687.0,118.145164,24.471135,118.050958,25.233645,1,0
2620,63708.0,118.194085,24.489743,118.192497,25.059271,1,0
2621,63709.0,118.049961,24.556209,118.17093,25.057356,1,0
2625,63756.0,118.171996,25.078504,118.14907,24.52482,1,1
2628,63787.0,118.189703,24.504263,118.235484,25.062556,1,0
2629,63800.0,118.160727,25.067272,118.1634,24.517295,2,1
2633,63903.0,118.15604,25.066578,118.123401,24.514354,1,1
2634,63907.0,118.113599,24.524114,118.058598,25.01561,1,0
2636,64000.0,118.15604,25.066578,118.123401,24.514354,1,1
2637,64036.0,118.189922,24.50426,118.235562,25.06254,1,0
2638,64094.0,118.080039,24.450094,118.058597,25.015608,3,0
2639,64141.0,118.19302,25.052704,118.149011,24.475384,1,1
2649,64200.0,118.196275,24.473977,118.180604,25.049309,1,0
2641,64200.0,118.165481,24.497269,118.191845,25.050126,1,0
2645,64200.0,118.139882,24.531551,118.196294,25.047346,1,0
2652,64200.0,118.097342,24.481623,118.204538,25.056117,1,0
2647,64200.0,118.193908,25.037713,118.151696,24.527114,1,1
2651,64200.0,118.079019,24.633511,118.163097,25.065061,1,0
2653,64242.0,118.092536,24.631988,118.201748,25.046916,1,0
2654,64248.0,118.061043,25.229917,118.163752,24.499318,1,1
2655,64261.0,118.192482,25.039915,118.125923,24.492693,1,1
2657,64268.0,118.053422,24.609656,118.191796,25.056076,1,0
2658,64272.0,118.19302,25.052704,118.149011,24.475384,2,1
2660,64331.0,118.181648,25.057817,118.117566,24.52294,1,1
2661,64354.0,118.152323,24.542164,118.191257,25.040309,1,0
2662,64358.0,118.164217,24.474244,118.235057,25.063549,1,0
2664,64398.0,118.165575,24.47255,118.1962,25.03829,2,0
2665,64403.0,118.18548,24.483446,118.016492,25.194555,1,0
2668,64544.0,118.072404,24.567029,118.199735,25.042586,1,0
2669,64545.0,118.168397,25.064718,118.140657,24.607417,1,1
2670,64563.0,118.118364,24.524994,118.049133,25.229754,3,0
2673,64608.0,118.153954,25.06122,118.125859,24.489626,1,1
2674,64645.0,118.165656,25.065871,118.065591,24.611985,1,1
2676,64716.0,118.165575,24.47255,118.1962,25.03829,2,0
2678,64765.0,118.107898,25.01834,118.092813,24.448179,1,1
2715,64800.0,118.005377,25.007014,118.111794,24.525049,1,1
2686,64800.0,118.208663,25.033662,118.121819,24.510903,1,1
2706,64800.0,118.160845,25.071151,118.13054,24.473898,1,1
2688,64800.0,118.064119,25.008551,118.111272,24.522018,1,1
2753,64800.0,118.055803,25.23794,118.082309,24.634095,1,1
2748,64800.0,118.189062,25.052096,118.079019,24.63351,1,1
2743,64800.0,118.197653,24.473782,118.202412,25.067959,1,0
2745,64800.0,118.163974,25.069683,118.110295,24.46546,1,1
2733,64800.0,118.19302,25.052704,118.149011,24.475384,1,1
2750,64800.0,118.089561,24.443182,118.104851,24.993948,1,0
2685,64800.0,118.207116,25.031298,118.148252,24.494046,1,1
2697,64800.0,118.187996,24.461071,118.16479,25.064838,1,0
2720,64800.0,118.179591,25.055083,118.1363,24.499511,1,1
2710,64800.0,118.201099,25.059429,118.164412,24.505296,1,1
2704,64800.0,118.066649,24.617508,118.22687,25.071478,1,0
2725,64800.0,118.137825,24.517926,118.206948,25.058051,1,0
2754,64800.0,118.123566,24.470021,118.013448,25.020697,1,0
2705,64800.0,118.006183,25.017264,118.180407,24.471665,1,1
2741,64800.0,118.197865,24.473826,118.202412,25.067959,1,0
2732,64800.0,118.191654,24.485759,118.17717,25.06366,1,0
2684,64800.0,118.23278,25.070725,118.178736,24.500656,1,1
2722,64800.0,118.121972,24.472469,118.194627,25.04392,1,0
2717,64800.0,118.102716,24.465316,118.207225,25.066226,1,0
2747,64800.0,118.232739,25.082738,118.079019,24.633512,1,1
2719,64800.0,118.091595,24.993753,118.079019,24.633511,1,1
2731,64800.0,118.144841,24.472665,118.006031,24.99819,1,0
2714,64800.0,118.240598,25.076563,118.136126,24.531815,2,1
2726,64800.0,118.16122,24.528326,118.049556,25.222283,1,0
2711,64800.0,117.954153,25.017832,118.098583,24.466918,1,1
2687,64800.0,118.197029,25.063359,118.182296,24.476885,1,1
2728,64800.0,118.191118,25.053333,118.093918,24.476971,1,1
2740,64800.0,118.16119,24.528321,118.007667,25.197399,1,0
2701,64800.0,118.171214,25.079149,118.145752,24.491946,1,1
2691,64800.0,118.069994,25.011491,118.036684,24.583128,1,1
2734,64800.0,118.083154,24.601525,118.092433,24.972893,1,0
2692,64800.0,118.204914,25.051382,118.179726,24.501575,1,1
2696,64800.0,118.195543,24.472164,118.198846,25.063863,1,0
2699,64800.0,118.137886,24.515475,118.201076,25.05817,1,0
2744,64800.0,118.207699,25.059097,118.152274,24.497433,1,1
2698,64800.0,118.09223,24.437428,118.204466,25.054614,1,0
2707,64800.0,118.204579,25.051514,118.178675,24.489255,1,1
2721,64800.0,118.191235,25.055889,118.19932,24.492828,1,1
2682,64800.0,118.181542,25.061102,118.089896,24.461843,1,1
2751,64800.0,118.077845,24.455353,118.179916,25.054503,1,0
2749,64800.0,118.056183,25.231793,118.166144,24.507168,1,1
2739,64800.0,118.027053,25.218675,118.078306,24.451899,1,1
2709,64800.0,118.204729,25.068452,118.101578,24.57489,1,1
2723,64800.0,118.18899,24.504546,117.948156,25.023365,1,0
2746,64800.0,118.161404,24.481857,118.041528,25.214233,1,0
2752,64800.0,118.19441,25.039208,118.121677,24.464412,1,1
2755,64865.0,118.200795,25.05818,118.159962,24.520168,1,1
2756,64879.0,118.181648,25.057817,118.117566,24.52294,1,1
2759,64925.0,118.19198,25.049344,118.178369,24.462627,1,1
2760,64947.0,118.18434,25.057325,118.20108,24.480203,1,1
2761,64976.0,118.212733,25.050903,118.182369,24.501971,1,1
2762,64986.0,118.149293,24.500156,118.191116,25.053333,1,0
2763,65042.0,118.19198,25.049344,118.178369,24.462627,1,1
2767,65221.0,118.155311,24.527236,118.193665,25.041266,1,0
2768,65261.0,118.185638,25.047628,118.150203,24.487762,1,1
2770,65328.0,118.116673,24.475288,118.100862,25.018539,1,0
2771,65345.0,118.126119,24.517963,118.184325,25.057122,1,0
2772,65348.0,118.157326,25.052024,118.121333,24.511363,1,1
2774,65370.0,118.15345,25.050707,118.121016,24.522182,1,1
2785,65400.0,118.130853,24.517043,118.205414,25.060653,1,0
2789,65400.0,118.204754,25.06601,118.160373,24.520782,1,1
2790,65400.0,118.204427,25.056275,118.145752,24.491946,2,1
2781,65400.0,118.092536,24.631988,118.201748,25.046916,1,0
2787,65400.0,118.130853,24.517043,118.071728,25.232086,1,0
2784,65400.0,118.119634,24.428206,118.171532,25.061957,1,0
2795,65400.0,118.191169,24.477713,118.100464,24.996814,1,0
2786,65400.0,118.13152,24.516463,118.228619,25.069116,1,0
2783,65400.0,118.159915,25.055806,118.081026,24.482636,1,1
2778,65400.0,118.23278,25.070725,118.178736,24.500656,1,1
2777,65400.0,118.119408,24.467725,118.163097,25.065061,1,0
2779,65400.0,118.130853,24.517043,118.071728,25.232086,1,0
2799,65430.0,118.207903,25.047768,118.098229,24.508279,1,1
2800,65446.0,118.185966,24.484235,118.039977,25.230408,1,0
2801,65500.0,118.092178,24.450144,118.178053,25.066435,3,0
2803,65551.0,118.132278,24.482364,118.178805,25.057156,1,0
2805,65616.0,118.208673,25.0369,118.167005,24.460062,1,1
2809,65722.0,118.10784,25.01832,118.092813,24.448179,1,1
2810,65734.0,118.083306,24.631983,118.180298,25.041299,1,0
2811,65746.0,118.183452,25.066206,118.1237,24.535363,1,1
2812,65762.0,118.139877,24.535992,118.192488,25.05675,1,0
2813,65771.0,118.053366,24.579609,118.193082,25.045135,1,0
2815,65791.0,118.07973,24.632559,118.196365,25.044782,1,0
2817,65858.0,118.097579,24.570666,118.007457,25.009533,2,0
2818,65914.0,118.069606,24.616657,118.20399,25.049701,1,0
2821,65968.0,118.177667,25.063495,118.123838,24.541136,1,1
2825,66000.0,118.192971,25.052795,118.143227,24.490844,1,1
2826,66000.0,118.192754,24.485057,118.183077,25.049462,1,0
2831,66000.0,118.17893,25.057058,118.111666,24.581093,1,1
2822,66000.0,118.21042,25.043675,118.1612,24.441481,1,1
2824,66000.0,118.079019,24.633511,118.171384,25.051858,1,0
2834,66046.0,118.105278,24.48684,118.191119,25.053334,1,0
2833,66046.0,118.09675,24.96443,118.124854,24.514403,1,1
2836,66079.0,118.09614,25.017923,118.085611,24.48628,1,1
2837,66113.0,118.144426,24.478625,118.093431,25.01862,1,0
2838,66137.0,118.180211,24.472684,118.17729,25.067981,1,0
2839,66193.0,118.139303,24.489184,118.18627,25.060422,2,0
2841,66222.0,118.191109,25.038773,118.083993,24.456721,1,1
2842,66269.0,118.086212,24.450238,118.199937,25.057894,1,0
2844,66275.0,118.096877,24.975306,118.105241,24.577254,2,1
2845,66326.0,118.165717,24.510832,118.199102,25.039613,1,0
2847,66434.0,118.157326,25.052024,118.121333,24.511363,1,1
2849,66482.0,118.090549,24.465864,118.196201,25.038293,1,0
2850,66508.0,118.113011,24.608482,118.19321,25.037201,1,0
2857,66600.0,118.106375,24.467055,118.097816,25.018344,1,0
2887,66600.0,118.19352,25.041232,118.155048,24.52715,1,1
2883,66600.0,118.204538,25.056117,118.150926,24.472829,2,1
2905,66600.0,118.050261,25.230838,118.143802,24.50659,1,1
2870,66600.0,118.165656,25.065871,118.065591,24.611985,1,1
2866,66600.0,118.120729,24.46782,118.185984,25.059841,1,0
2880,66600.0,118.119077,24.467735,118.189998,25.05579,1,0
2871,66600.0,117.995734,25.004208,118.155728,24.521304,1,1
2875,66600.0,118.175888,24.48393,118.194395,25.038858,1,0
2898,66600.0,118.177786,25.056048,118.12578,24.481185,1,1
2874,66600.0,118.117376,24.501347,118.193592,25.054863,1,0
2876,66600.0,118.134705,24.489761,118.179116,25.056509,1,0
2869,66600.0,118.099947,24.586031,118.004961,25.00043,1,0
2892,66600.0,118.208389,25.052676,118.165937,24.529001,1,1
2867,66600.0,118.196215,25.045393,118.168013,24.47292,1,1
2884,66600.0,118.226605,25.072897,118.149502,24.520691,1,1
2897,66600.0,118.046867,25.224489,118.130172,24.490847,1,1
2856,66600.0,118.004555,24.99909,118.102156,24.613349,2,1
2873,66600.0,118.207577,25.059669,118.152274,24.497433,1,1
2872,66600.0,118.19409,25.054853,118.106511,24.581783,1,1
2881,66600.0,118.201099,25.059429,118.164412,24.505296,1,1
2896,66600.0,117.954153,25.017832,118.02703,24.575406,1,1
2922,67026.0,118.203314,25.057127,118.06649,24.580296,1,1
2924,67029.0,118.104451,25.018822,118.098583,24.466918,1,1
2929,67107.0,118.098135,24.955139,118.036446,24.587204,1,1
2947,67200.0,118.1962,25.03829,118.133174,24.510323,1,1
2944,67200.0,118.002224,24.996696,118.151043,24.473325,1,1
2937,67200.0,118.190863,25.057417,118.105621,24.581442,1,1
2940,67200.0,118.000618,24.998899,118.102268,24.506377,1,1
2949,67200.0,118.191036,25.049081,118.190895,24.505431,1,1
2951,67246.0,118.061043,25.229917,118.163752,24.499318,1,1
2953,67335.0,118.191103,25.051981,118.095451,24.582044,1,1
2955,67407.0,118.155097,25.051665,118.121333,24.511363,1,1
2963,67680.0,118.098957,24.571223,118.2088,25.048566,1,0
2964,67764.0,118.099393,24.497837,118.158951,25.060928,1,0
2965,67777.0,118.13139,24.484133,118.167492,25.134823,2,0
2966,67795.0,118.087615,24.450938,118.199937,25.057894,1,0
2969,67800.0,118.212411,25.06444,118.185658,24.470491,1,1
2973,67800.0,118.201417,25.059741,118.129339,24.477467,1,1
2972,67800.0,118.17893,25.057058,118.141425,24.480391,1,1
2971,67800.0,118.201614,24.482493,118.195877,25.047044,1,0
2970,67800.0,118.111397,24.487416,117.951408,25.018291,1,0
2974,67800.0,118.183184,25.050425,118.174334,24.467644,1,1
2967,67800.0,118.049997,25.231167,118.151162,24.491032,1,1
2976,67831.0,118.146786,24.520624,118.193768,25.055489,1,0
2982,68032.0,118.011008,25.018855,118.105345,24.587047,1,1
2983,68083.0,118.182894,24.500029,118.206076,25.051399,1,0
2985,68095.0,118.161282,24.503232,118.199102,25.039613,1,0
2984,68095.0,118.098777,24.497888,118.159769,25.060874,1,0
2986,68103.0,118.153146,24.541244,118.175979,25.060119,1,0
2988,68122.0,118.170225,25.056739,118.095451,24.582044,1,1
2987,68122.0,118.158274,24.487409,118.191116,25.053333,1,0
2989,68194.0,118.124837,24.516603,118.097816,25.018344,1,0
2990,68212.0,118.153146,24.541244,118.175979,25.060119,1,0
2991,68219.0,118.204332,25.06222,118.121001,24.426437,1,1
2992,68257.0,118.121372,24.521719,118.190585,25.045899,1,0
2993,68278.0,118.229739,25.065577,118.126312,24.681739,1,1
2995,68329.0,118.119853,24.466212,118.082531,25.193694,1,0
3007,68400.0,118.231917,25.067607,118.121819,24.510903,1,1
3066,68400.0,118.194085,24.489743,118.187612,25.056017,1,0
3064,68400.0,118.104404,24.501238,118.208663,25.033662,1,0
3058,68400.0,118.092536,24.631988,118.201748,25.046916,1,0
3053,68400.0,118.097579,24.570666,118.007457,25.009533,2,0
3013,68400.0,118.19183,25.040971,118.124248,24.603492,1,1
3062,68400.0,118.086884,24.448355,118.186514,25.048148,1,0
3067,68400.0,118.113821,24.522971,118.191118,25.053333,2,0
3049,68400.0,118.184308,25.057256,118.201109,24.480148,1,1
3011,68400.0,117.954153,25.017832,118.02703,24.575406,1,1
2999,68400.0,118.072958,25.011207,118.13689,24.493415,1,1
3008,68400.0,118.137869,24.515463,118.186324,25.060447,1,0
3068,68400.0,118.212508,25.04524,118.072394,24.63736,1,1
3044,68400.0,118.190929,25.048727,118.029347,24.586917,1,1
3043,68400.0,118.204579,25.051514,118.178675,24.489255,1,1
3001,68400.0,118.203571,25.061775,118.080746,24.476371,1,1
3061,68400.0,118.108308,24.522084,118.099032,24.944137,1,0
3060,68400.0,118.184479,24.486751,118.183699,25.055803,1,0
3033,68400.0,118.20618,25.071401,118.079019,24.633511,1,1
3020,68400.0,118.165678,24.47155,118.057235,25.222382,1,0
3069,68400.0,118.115997,24.525354,118.064086,25.214827,1,0
3030,68400.0,118.226048,25.064318,118.154762,24.526108,1,1
3023,68400.0,118.113566,25.14205,118.028493,24.588619,1,1
3037,68400.0,118.088298,24.461675,118.191116,25.053333,1,0
3040,68400.0,118.159973,25.061131,118.157524,24.526137,1,1
3070,68400.0,118.157747,24.468464,118.01691,25.015939,1,0
3075,68400.0,118.1139,24.587966,118.007457,25.009528,1,0
3014,68400.0,118.184325,25.057122,118.116661,24.514388,1,1
3036,68400.0,118.112634,24.489299,118.203839,25.052572,1,0
2997,68400.0,118.16407,25.063361,118.103683,24.489309,1,1
3017,68400.0,117.949971,25.017286,118.148396,24.472157,2,1
3025,68400.0,118.142657,24.515365,118.165926,25.064342,1,0
3035,68400.0,118.22612,25.068623,118.154762,24.526108,1,1
3027,68400.0,118.189002,25.052173,118.107011,24.581524,1,1
2996,68400.0,118.098135,24.955139,118.036446,24.587204,1,1
3076,68400.0,118.184112,25.057983,118.145132,24.491129,1,1
3026,68400.0,118.144329,24.480219,118.202935,25.066412,1,0
3045,68400.0,118.20627,25.048427,118.119358,24.510511,1,1
3006,68400.0,118.164641,24.510632,118.177254,25.068031,1,0
3010,68400.0,118.118935,24.506018,118.19395,25.054521,1,0
3009,68400.0,118.206076,25.051399,118.065594,24.611985,1,1
3046,68400.0,118.192865,25.057586,118.100273,24.485267,1,1
3003,68400.0,118.228619,25.069116,118.1095,24.581653,1,1
3002,68400.0,117.9486,25.01725,118.123406,24.475285,1,1
3079,68404.0,118.182894,24.500029,118.206076,25.051399,1,0
3083,68611.0,118.119579,24.428178,118.171532,25.061957,1,0
3088,68800.0,118.144426,24.478625,118.093431,25.01862,1,0
3092,68986.0,118.124455,24.597157,118.225508,25.068924,2,0
3093,68990.0,118.070401,24.560315,118.009401,25.015116,3,0
3099,69000.0,118.190995,24.525717,118.166631,25.061973,1,0
3100,69000.0,118.120895,24.464931,118.181542,25.061102,1,0
3094,69000.0,118.13162,24.48545,118.194657,25.057639,1,0
3096,69000.0,118.10984,24.524952,118.191118,25.053333,2,0
3102,69146.0,118.118731,24.467289,118.191116,25.053333,1,0
3103,69183.0,118.065841,24.572614,117.995503,25.003879,1,0
3104,69190.0,118.134816,24.489568,118.09759,25.000466,1,0
3106,69344.0,118.104563,25.018235,118.078303,24.4519,3,1
3108,69483.0,118.068385,24.592091,118.235252,25.066998,2,0
3111,69600.0,118.131917,24.498231,118.194813,25.057986,1,0
3114,69600.0,118.1048,24.46568,118.184544,25.042593,1,0
3115,69600.0,118.105276,24.48684,118.070494,25.234886,1,0
3113,69600.0,118.133203,24.510333,118.195973,25.037295,1,0
3126,70075.0,118.206289,25.059768,118.180857,24.482619,1,1
3127,70179.0,118.258964,25.049807,118.135597,24.501024,1,1
3130,70200.0,118.180933,25.060247,118.143541,24.484794,1,1
3149,70200.0,118.157541,25.051348,118.184655,24.500605,1,1
3146,70200.0,118.104552,25.018256,118.07811,24.452183,1,1
3169,70800.0,118.212941,25.051866,118.132182,24.507048,1,1
3174,70857.0,118.193531,25.040999,118.139342,24.494486,1,1
3175,70962.0,118.052397,25.222257,118.128533,24.540743,1,1
