TIME,Oy,Ox,Dy,Dx,Q,CITY
28800.0,117.635779,24.510459,118.161972,24.535372,1,1
28800.0,117.638062,24.522574,118.099226,24.451207,1,1
28800.0,117.638066,24.505287,118.164345,24.439507,1,1
28800.0,118.150696,24.487071,117.72587,24.530481,1,0
28800.0,118.123633,24.470569,117.669582,24.499104,1,0
28800.0,118.147998,24.493102,117.657233,24.518504,1,0
28800.0,117.692558,24.490521,118.100024,24.56993,1,1
28800.0,117.663276,24.507227,118.156097,24.542868,1,1
28800.0,117.664661,24.480607,118.043756,24.614515,1,1
28800.0,118.169661,24.461548,117.625746,24.526516,1,0
28800.0,117.646936,24.534798,118.173429,24.504061,1,1
28800.0,117.68694,24.498059,118.15689,24.477783,1,1
28800.0,118.127587,24.503649,117.707718,24.514566,1,0
28800.0,117.705144,24.505724,118.136126,24.531815,1,1
28800.0,117.651661,24.503924,118.092813,24.444886,1,1
28800.0,117.678467,24.488779,118.114103,24.445419,1,1
28800.0,117.682608,24.494727,118.159994,24.48229,1,1
28800.0,117.643575,24.505501,118.130311,24.422636,3,1
28800.0,117.671912,24.522705,118.098668,24.451047,2,1
28800.0,117.7197,24.50827,118.105809,24.467694,1,1
28800.0,117.638393,24.524631,118.146432,24.428655,1,1
28800.0,118.130952,24.494965,117.643133,24.517937,2,0
28800.0,117.638058,24.505182,118.152534,24.541648,2,1
28800.0,117.665945,24.522572,118.138961,24.532852,1,1
28800.0,117.634098,24.535697,118.152323,24.542164,1,1
28800.0,117.643575,24.505501,118.164797,24.43904,1,1
28800.0,118.11781,24.479393,117.718874,24.518081,1,0
28800.0,118.114837,24.513881,117.667217,24.494265,1,0
28800.0,117.649776,24.504695,118.147471,24.434727,1,1
28849.0,117.719221,24.50691,118.080016,24.478522,2,1
28870.0,117.69959,24.524999,118.116269,24.492861,1,1
28965.0,117.667273,24.505961,118.09257,24.434938,1,1
29036.0,118.180861,24.47919,117.681798,24.504191,1,0
29260.0,118.10331,24.513007,117.670311,24.513645,1,0
29331.0,117.735001,24.497147,118.025337,24.592276,1,1
29395.0,117.658586,24.485682,118.020855,24.515002,1,1
29400.0,118.122296,24.505182,117.679942,24.492086,1,0
29400.0,117.632901,24.539678,118.200349,24.488301,1,1
29400.0,117.638066,24.505287,118.182262,24.678302,1,1
29477.0,118.106649,24.524042,117.692287,24.521386,1,0
29532.0,118.128986,24.474441,117.718863,24.501769,1,0
29614.0,118.086342,24.447573,117.651571,24.507167,1,0
29616.0,117.671631,24.507278,118.116269,24.492861,1,1
29660.0,117.654298,24.507854,118.088229,24.476627,1,1
29798.0,118.045931,24.558061,117.684874,24.503478,1,0
29840.0,117.676074,24.493006,118.013693,24.486376,1,1
29914.0,118.177955,24.472553,117.640768,24.514607,1,0
29924.0,117.657638,24.506642,118.066162,24.558804,1,1
30000.0,117.717004,24.518618,118.175888,24.48393,1,1
30000.0,117.672734,24.496019,118.14061,24.53905,1,1
30000.0,117.6199,24.51789,118.11703,24.503036,1,1
30000.0,118.129146,24.470733,117.692145,24.49947,1,0
30000.0,117.664602,24.514583,118.089421,24.445589,2,1
30045.0,118.152738,24.541455,117.692023,24.518374,1,0
30104.0,118.115953,24.472641,117.68412,24.500368,1,0
30113.0,118.179758,24.471974,117.68823,24.497191,1,0
30178.0,117.682608,24.494727,118.142244,24.53721,1,1
30187.0,117.660335,24.507873,118.113079,24.460861,1,1
30317.0,118.157032,24.48821,117.626487,24.517956,1,0
30371.0,117.638066,24.505287,118.175872,24.672526,1,1
30434.0,117.635324,24.539637,118.126946,24.503658,1,1
30512.0,118.137563,24.520844,117.748571,24.502382,1,0
30513.0,118.161935,24.535098,117.71641,24.495622,1,0
30521.0,118.112921,24.50182,117.643575,24.505501,1,0
30571.0,117.634098,24.535697,118.131853,24.498345,1,1
30572.0,117.65166,24.51208,118.092422,24.462073,2,1
30600.0,118.179122,24.506864,117.690498,24.51842,1,0
30600.0,118.162894,24.478537,117.671331,24.488851,2,0
30600.0,117.638066,24.505287,118.119306,24.494166,1,1
30600.0,118.12851,24.425709,117.668635,24.508717,1,0
30600.0,117.638066,24.505287,118.175872,24.672526,1,1
30600.0,118.050998,24.490316,117.664416,24.521648,1,0
30600.0,117.731249,24.512345,118.201697,24.483122,1,1
30600.0,117.63527,24.514363,118.128679,24.514947,1,1
30600.0,117.638061,24.505095,118.109345,24.428204,5,1
30600.0,117.643977,24.508358,118.111798,24.463033,1,1
30600.0,117.734926,24.517509,118.142244,24.53721,1,1
30600.0,117.670109,24.511272,118.136816,24.531395,1,1
30600.0,117.629642,24.519967,118.105703,24.575467,1,1
30600.0,117.730104,24.517212,118.092795,24.450197,1,1
30600.0,117.749592,24.500277,118.149275,24.4983,1,1
30600.0,117.683635,24.500472,118.152738,24.541455,1,1
30600.0,117.683096,24.500602,118.085984,24.457321,2,1
30600.0,117.709139,24.513685,118.086342,24.447573,1,1
30600.0,117.644631,24.509946,118.136877,24.531275,1,1
30600.0,118.118472,24.47992,117.681574,24.50183,1,0
30600.0,117.638683,24.508416,118.180287,24.675529,1,1
30600.0,117.673243,24.502604,118.063206,24.494531,1,1
30600.0,118.140099,24.519749,117.73771,24.512851,1,0
30600.0,117.661591,24.505478,118.107661,24.433362,1,1
30600.0,117.6833,24.496975,118.002691,24.486916,1,1
30624.0,118.155345,24.504566,117.653033,24.53129,1,0
30723.0,118.122111,24.431948,117.652043,24.504085,1,0
30726.0,118.108394,24.512329,117.620735,24.518282,1,0
30771.0,118.121819,24.510903,117.65112,24.50979,1,0
30803.0,118.109239,24.498302,117.63527,24.514363,1,0
30869.0,118.182369,24.50197,117.658294,24.490172,1,0
30884.0,117.693659,24.504726,118.141079,24.496488,2,1
30970.0,117.676056,24.489957,118.159509,24.469803,1,1
30987.0,118.173429,24.504061,117.734381,24.498027,1,0
30992.0,117.634098,24.535697,118.195537,24.50039,1,1
31043.0,118.036527,24.493091,117.709021,24.508149,1,0
31088.0,117.677983,24.507422,118.037819,24.482033,1,1
31115.0,117.714698,24.50797,118.113165,24.488068,1,1
31185.0,118.182337,24.466823,117.688174,24.515908,1,0
31200.0,118.060191,24.564239,117.685759,24.513273,1,0
31200.0,118.155487,24.517152,117.681048,24.503322,2,0
31200.0,117.727269,24.512369,118.097415,24.477802,1,1
31200.0,118.067403,24.567592,117.681418,24.495324,1,0
31200.0,117.63981,24.518521,118.079716,24.456132,1,1
31200.0,118.122111,24.431948,117.652043,24.504085,1,0
31222.0,118.18362,24.474061,117.706907,24.474766,1,0
31249.0,118.10924,24.485891,117.633363,24.52076,2,0
31259.0,118.124982,24.46969,117.634098,24.535697,1,0
31264.0,117.653093,24.500687,118.078107,24.452182,1,1
31311.0,118.045473,24.579135,117.720272,24.518069,1,0
31340.0,117.675211,24.520491,118.113165,24.488068,1,1
31369.0,118.111085,24.484843,117.633363,24.52076,2,0
31409.0,117.634098,24.535697,118.131853,24.498345,1,1
31450.0,118.117712,24.466308,117.670747,24.509165,1,0
31450.0,117.718821,24.50856,118.197852,24.521067,1,1
31476.0,118.050751,24.491948,117.664716,24.503265,1,0
31500.0,117.693721,24.497123,118.049332,24.491135,1,1
31515.0,117.634098,24.535697,118.131853,24.498345,1,1
31640.0,117.692301,24.502044,118.142244,24.53721,1,1
31706.0,117.712157,24.509003,118.247787,24.59155,1,1
31708.0,117.673948,24.492102,118.04997,24.504593,1,1
31800.0,118.142244,24.53721,117.633016,24.507653,1,0
31800.0,117.723398,24.500384,118.103641,24.468817,1,1
31800.0,117.687229,24.50413,118.186824,24.528969,1,1
31800.0,118.152323,24.542164,117.658294,24.490172,1,0
31800.0,117.677984,24.502078,118.130314,24.422637,1,1
31800.0,117.669263,24.493516,118.098476,24.507076,1,1
31800.0,117.687229,24.50413,118.186824,24.528969,1,1
31885.0,117.716534,24.508698,118.195571,24.501165,1,1
31937.0,118.128955,24.480721,117.66557,24.495523,1,0
32029.0,118.123681,24.513486,117.672688,24.511483,1,0
32030.0,117.667304,24.508209,118.096273,24.44244,1,1
32052.0,118.121165,24.466557,117.692231,24.508741,1,0
32178.0,118.118309,24.48878,117.682608,24.494727,1,0
32178.0,118.09816,24.443244,117.715917,24.518899,1,0
32198.0,118.174377,24.464673,117.674046,24.507474,1,0
32400.0,117.653031,24.53129,118.079822,24.478181,2,1
32400.0,117.682608,24.494727,118.142244,24.53721,1,1
32400.0,117.634099,24.535697,118.136128,24.531814,1,1
32400.0,117.638066,24.505287,118.032295,24.476601,1,1
32400.0,118.148723,24.471852,117.643575,24.505501,1,0
32400.0,117.679271,24.499712,118.122607,24.495519,1,1
32400.0,118.103272,24.457746,117.740901,24.491671,2,0
32400.0,117.635627,24.52178,118.100901,24.501976,1,1
32400.0,118.077912,24.461998,117.641823,24.53434,1,0
32400.0,117.67139,24.523609,118.142244,24.53721,1,1
32400.0,118.086895,24.457102,117.734833,24.51989,1,0
32400.0,117.677983,24.507422,118.163493,24.478826,1,1
32400.0,117.704014,24.50487,118.136128,24.531814,1,1
32400.0,118.194044,24.494087,117.664017,24.508308,1,0
32400.0,117.651661,24.503924,118.182338,24.67853,1,1
32400.0,117.71513,24.508317,118.152738,24.541455,1,1
32400.0,118.093003,24.437703,117.672379,24.515524,1,0
32400.0,117.628239,24.520684,118.164298,24.511931,1,1
32400.0,117.653851,24.535001,118.117366,24.485643,2,1
32400.0,118.056767,24.557898,117.641333,24.515154,1,0
32400.0,117.638198,24.520527,118.044726,24.554943,1,1
32400.0,118.110478,24.487593,117.734093,24.501383,1,0
32400.0,118.14657,24.432249,117.665504,24.495573,1,0
32400.0,117.656906,24.499051,118.082965,24.457748,1,1
32486.0,118.196536,24.493295,117.658522,24.504574,1,0
32498.0,118.147895,24.49982,117.680153,24.496893,1,0
32535.0,118.111798,24.463033,117.675718,24.503281,1,0
32646.0,117.654556,24.508208,118.093918,24.476971,1,1
32669.0,118.103368,24.502766,117.651115,24.509791,1,0
32677.0,117.635019,24.508453,118.087616,24.450186,1,1
32695.0,117.717126,24.507406,118.088438,24.457548,1,1
32727.0,118.024009,24.585879,117.65361,24.501305,1,0
32741.0,118.143295,24.519345,117.677983,24.507422,1,0
32795.0,118.098146,24.468135,117.663534,24.519031,1,0
32816.0,117.717601,24.510142,118.128502,24.476178,1,1
32817.0,117.638362,24.513449,118.141425,24.480391,1,1
32832.0,118.159237,24.476356,117.724898,24.528571,1,0
32872.0,117.744827,24.506856,118.130307,24.422636,1,1
32884.0,118.093718,24.458364,117.66041,24.507547,1,0
32895.0,117.677888,24.51502,118.122317,24.439519,1,1
32963.0,117.663874,24.500347,118.195537,24.50039,1,1
32982.0,118.178316,24.489618,117.702579,24.506644,1,0
32998.0,117.750714,24.484923,118.173573,24.473067,1,1
33000.0,117.71641,24.495622,118.111364,24.475973,1,1
33058.0,117.652166,24.527025,118.03616,24.490758,1,1
33098.0,117.654193,24.505902,118.132814,24.488151,1,1
33115.0,117.682608,24.494727,118.159994,24.48229,1,1
33174.0,117.714698,24.50797,118.157613,24.492265,1,1
33310.0,117.655025,24.500397,118.182836,24.4997,1,1
33480.0,117.69477,24.510704,118.137385,24.494417,1,1
33508.0,117.684117,24.500369,118.053455,24.486106,1,1
33539.0,118.183463,24.476316,117.735,24.518961,1,0
33540.0,118.104964,24.506091,117.693292,24.509302,1,0
33568.0,118.150621,24.48764,117.706002,24.500972,1,0
33600.0,117.684289,24.495794,118.152735,24.541456,1,1
33600.0,117.662027,24.49871,118.130311,24.422636,1,1
33600.0,117.709595,24.51342,118.050813,24.561728,2,1
33600.0,117.673963,24.506418,118.152323,24.542164,1,1
33631.0,117.711732,24.507017,118.079274,24.451709,1,1
33734.0,118.10311,24.512747,117.665009,24.506455,1,0
33740.0,118.153311,24.489115,117.670362,24.495038,2,0
33863.0,117.680415,24.503194,118.181556,24.489649,1,1
33908.0,118.153546,24.489628,117.670362,24.495038,2,0
33985.0,117.679056,24.50715,118.127397,24.467838,1,1
34055.0,117.728584,24.495223,118.064134,24.591537,1,1
34064.0,118.079769,24.456116,117.659449,24.50873,1,0
34183.0,117.715652,24.509011,118.125784,24.479166,1,1
34200.0,117.687368,24.503556,118.131853,24.498345,2,1
34200.0,117.638066,24.505287,118.135517,24.479573,1,1
34200.0,118.030568,24.477319,117.663321,24.507583,1,0
34200.0,117.679293,24.50581,118.148581,24.499947,1,1
34200.0,117.643546,24.505493,118.086192,24.452942,1,1
34200.0,118.112934,24.522754,117.661702,24.478659,1,0
34200.0,117.637537,24.5079,118.001598,24.512001,1,1
34200.0,117.641824,24.534339,118.029496,24.484273,1,1
34200.0,117.674046,24.507476,118.142244,24.53721,1,1
34200.0,117.638066,24.505287,118.097579,24.570666,1,1
34327.0,118.088103,24.476928,117.692015,24.520411,1,0
34348.0,118.194465,24.492018,117.674369,24.498315,1,0
34354.0,117.633016,24.507653,118.070995,24.566569,1,1
34357.0,117.625568,24.527476,118.080051,24.479577,1,1
34365.0,118.095933,24.458962,117.667161,24.50528,1,0
34373.0,118.115163,24.465325,117.634679,24.508543,1,0
34378.0,117.671804,24.507613,118.104055,24.570596,1,1
34428.0,117.68677,24.504264,118.121008,24.479402,1,1
34470.0,117.665857,24.507962,118.182369,24.501971,1,1
34499.0,117.672362,24.507896,118.093918,24.476971,1,1
34587.0,118.192915,24.524546,117.692145,24.49947,2,0
34618.0,118.119465,24.511425,117.678379,24.500194,1,0
34661.0,118.159044,24.520888,117.692301,24.517718,1,0
34783.0,118.133678,24.518947,117.747807,24.50942,1,0
34800.0,118.098671,24.505275,117.644393,24.519539,1,0
34866.0,118.1852,24.505487,117.631257,24.508528,1,0
35029.0,117.666911,24.499467,118.121015,24.522181,1,1
35053.0,118.119408,24.467725,117.658291,24.490173,1,0
35147.0,118.110738,24.463955,117.683096,24.500602,1,0
35187.0,117.676513,24.514427,118.078107,24.452182,1,1
35195.0,118.105336,24.517864,117.661858,24.523032,1,0
35210.0,118.152738,24.541455,117.665592,24.533947,1,0
35309.0,118.104404,24.462543,117.655254,24.475907,1,0
35313.0,117.646909,24.532742,117.94712,24.485654,1,1
35319.0,117.693643,24.503423,118.130498,24.470511,1,1
35339.0,118.093067,24.43493,117.653159,24.526773,1,0
35353.0,118.103285,24.468708,117.691712,24.519537,2,0
35400.0,118.103632,24.462399,117.677982,24.507423,1,0
35400.0,117.636686,24.520916,118.11571,24.501699,1,1
35430.0,117.629353,24.525812,117.95767,24.485334,1,1
35453.0,118.125859,24.489626,117.665364,24.512704,1,0
35575.0,117.653573,24.50637,118.037048,24.526865,1,1
35592.0,118.079019,24.633511,117.692558,24.490521,1,0
35619.0,118.051762,24.490523,117.643575,24.505501,1,0
35637.0,117.724001,24.496375,118.170273,24.529776,1,1
35641.0,118.092842,24.448189,117.717126,24.507406,1,0
35702.0,117.681582,24.517895,118.13386,24.508456,2,1
35763.0,118.107001,24.515535,117.684636,24.502616,1,0
35844.0,118.146675,24.499175,117.681416,24.495325,1,0
35859.0,117.656965,24.518298,118.040562,24.457484,1,1
35916.0,117.641497,24.514274,118.132075,24.547751,1,1
35928.0,117.704004,24.507502,118.05739,24.488307,1,1
36000.0,118.088608,24.451158,117.682105,24.496236,1,0
36000.0,118.123332,24.435446,117.651661,24.503924,2,0
36000.0,117.657621,24.512655,118.09231,24.454754,1,1
36000.0,117.677982,24.507423,118.115663,24.469199,1,1
36000.0,117.658478,24.516245,118.092569,24.448728,1,1
36000.0,118.107874,24.579736,117.651657,24.503919,1,0
36000.0,117.634679,24.508543,118.143502,24.501659,1,1
36000.0,117.638066,24.505287,118.079824,24.478183,1,1
36000.0,117.638066,24.505287,118.147571,24.433341,1,1
36000.0,117.659695,24.516931,118.111822,24.469662,1,1
36000.0,117.997246,24.519608,117.659419,24.505525,1,0
36000.0,117.634094,24.535698,118.087616,24.450186,2,1
36001.0,118.085891,24.450426,117.638066,24.505287,1,0
36013.0,117.664255,24.514576,118.179053,24.472871,1,1
36071.0,118.139139,24.518805,117.703662,24.507385,1,0
36117.0,118.155614,24.521064,117.642042,24.512774,1,0
36161.0,117.65868,24.517634,118.155611,24.491339,1,1
36173.0,118.157537,24.528811,117.681582,24.517895,1,0
36261.0,117.638783,24.518855,118.169801,24.477077,1,1
36293.0,118.024102,24.58597,117.687806,24.501789,1,0
36317.0,117.691894,24.498143,118.060658,24.490513,1,1
36434.0,117.638393,24.524631,118.114254,24.527913,1,1
36600.0,118.07097,24.560969,117.706699,24.495121,1,0
36600.0,118.055314,24.482024,117.663981,24.515596,1,0
36706.0,118.154734,24.526003,117.721359,24.512856,1,0
36729.0,118.139962,24.474131,117.668836,24.510306,1,0
36735.0,118.137575,24.491232,117.63854,24.519549,1,0
36764.0,118.091015,24.490142,117.683514,24.50976,1,0
36789.0,118.171479,24.530486,117.661731,24.509873,1,0
36811.0,117.677727,24.497014,118.1407,24.504397,1,1
36821.0,118.041102,24.493781,117.641823,24.53434,1,0
36914.0,117.651661,24.503924,118.179767,24.482474,1,1
37010.0,118.133153,24.480536,117.688101,24.496167,1,0
37039.0,118.114793,24.470875,117.627397,24.5214,1,0
37051.0,117.667161,24.50528,118.067612,24.571076,1,1
37123.0,117.655537,24.505847,118.165388,24.506577,1,1
37151.0,118.190989,24.525952,117.695101,24.510301,1,0
37155.0,118.104119,24.508702,117.695928,24.522431,1,0
37181.0,117.68223,24.517026,118.102195,24.472984,1,1
37200.0,117.638066,24.505287,118.149161,24.494286,1,1
37200.0,117.748571,24.502382,118.117366,24.528115,1,1
37200.0,118.1237,24.535363,117.684235,24.507851,1,0
37220.0,117.682608,24.494727,118.130314,24.422637,1,1
37229.0,118.084318,24.456393,117.653608,24.501306,1,0
37283.0,117.7531,24.482958,118.111979,24.467715,1,1
37347.0,117.661032,24.513469,118.035433,24.563133,1,1
37355.0,117.663063,24.504124,118.120772,24.546954,1,1
37359.0,118.139962,24.474131,117.668836,24.510306,1,0
37360.0,117.741118,24.494625,118.10242,24.573234,1,1
37409.0,118.066766,24.559337,117.687436,24.505898,1,0
37417.0,117.628915,24.511201,118.171845,24.537606,1,1
37430.0,118.150694,24.489458,117.687355,24.49317,1,0
37655.0,118.061965,24.571886,117.707723,24.514566,1,0
37676.0,118.155532,24.501676,117.680415,24.504634,1,0
37800.0,117.714698,24.50797,118.142244,24.53721,1,1
37800.0,118.128071,24.481996,117.639375,24.520311,1,0
37800.0,117.65683,24.509013,118.055314,24.482024,1,1
37800.0,117.651661,24.503924,118.062204,24.568353,1,1
37800.0,118.183004,24.470919,117.640207,24.547375,1,0
37800.0,117.681734,24.491544,118.116977,24.472019,1,1
37884.0,118.146486,24.472916,117.665347,24.510817,1,0
37920.0,118.109119,24.457481,117.65112,24.50979,1,0
37969.0,117.651661,24.503924,118.123917,24.500652,1,1
38114.0,117.661032,24.513469,118.085336,24.453223,1,1
38122.0,118.120456,24.469996,117.635731,24.515248,1,0
38155.0,117.666041,24.515697,118.111853,24.470016,1,1
38179.0,117.638104,24.505262,118.087944,24.452937,4,1
38274.0,118.086243,24.459504,117.678487,24.511793,1,0
38347.0,118.171649,24.469531,117.653096,24.500688,1,0
38350.0,117.704007,24.507504,118.103057,24.502651,2,1
38400.0,118.152323,24.542164,117.717004,24.518618,1,0
38467.0,118.107306,24.466769,117.706689,24.495121,1,0
38512.0,117.691477,24.509204,118.192931,24.496335,1,1
38582.0,117.65166,24.51208,118.157537,24.528811,1,1
38664.0,118.004542,24.524949,117.701749,24.52855,1,0
38699.0,117.765739,24.486059,118.127026,24.476638,1,1
38702.0,117.68237,24.506508,118.15328,24.516234,1,1
38754.0,117.687053,24.512867,118.039604,24.549898,1,1
38833.0,118.149872,24.490686,117.627243,24.522661,1,0
38875.0,118.048451,24.569429,117.659334,24.511427,1,0
38883.0,117.638393,24.524631,118.122251,24.468636,1,1
39000.0,118.152323,24.542164,117.692256,24.499557,1,0
39000.0,117.683265,24.493806,118.152323,24.542164,1,1
39000.0,117.663502,24.503632,118.314452,24.604597,1,1
39128.0,118.086343,24.447572,117.658294,24.490172,1,0
39179.0,118.112463,24.541745,117.698265,24.512128,1,0
39194.0,118.097601,24.517075,117.698262,24.512127,1,0
39286.0,117.68414,24.495608,118.152323,24.542164,1,1
39390.0,118.104449,24.529751,117.673747,24.522388,1,0
39436.0,118.086343,24.447572,117.674546,24.496382,1,0
39551.0,118.107404,24.519475,117.684727,24.508585,1,0
39591.0,118.146399,24.49287,117.670747,24.509165,1,0
39600.0,117.681582,24.517895,118.142244,24.53721,1,1
39600.0,117.748571,24.502382,118.111902,24.585129,1,1
39600.0,118.151882,24.710014,117.643575,24.505501,1,0
39600.0,118.152735,24.541456,117.713766,24.531976,1,0
39617.0,118.092556,24.437366,117.638066,24.505287,1,0
39619.0,118.179828,24.507357,117.686816,24.498319,1,0
39684.0,118.091837,24.465766,117.716704,24.504119,1,0
39697.0,118.04259,24.453418,117.67599,24.502156,1,0
39754.0,118.112447,24.541733,117.693721,24.497123,1,0
39813.0,118.124166,24.538605,117.664807,24.50064,1,0
39857.0,118.185659,24.470491,117.695478,24.506284,1,0
39929.0,117.62855,24.51446,118.143879,24.506618,1,1
40094.0,117.668635,24.508717,118.12851,24.425709,1,1
40120.0,118.139938,24.473061,117.65377,24.474377,1,0
40145.0,118.139938,24.473061,117.65377,24.474377,1,0
40156.0,118.129544,24.544995,117.718989,24.513687,1,0
40194.0,117.692068,24.518406,118.081639,24.452833,1,1
40200.0,117.61933,24.51657,118.11703,24.503036,1,1
40216.0,118.172745,24.44445,117.638066,24.505287,2,0
40315.0,117.994543,24.535741,117.670262,24.492751,1,0
40381.0,117.657686,24.490684,118.152735,24.541456,1,1
40449.0,118.046553,24.561119,117.680287,24.485922,1,0
40461.0,118.004542,24.524949,117.658851,24.516702,1,0
40468.0,118.09978,24.505522,117.681535,24.499417,1,0
40505.0,117.639105,24.522976,118.109864,24.591659,1,1
40658.0,118.085985,24.457298,117.664749,24.513654,2,0
40659.0,117.682993,24.497838,118.039887,24.448151,1,1
40736.0,118.080969,24.480216,117.631841,24.514665,1,0
40782.0,117.993286,24.525845,117.66468,24.503255,1,0
40895.0,117.644393,24.519539,118.177188,24.469756,1,1
40900.0,118.142244,24.53721,117.71597,24.533487,1,0
40908.0,117.716116,24.516062,118.127616,24.486824,1,1
41025.0,118.125074,24.433124,117.674169,24.494963,1,0
41150.0,117.6702,24.498137,118.056469,24.586359,1,1
41186.0,117.657269,24.505396,118.120148,24.514841,1,1
41246.0,118.023915,24.531049,117.674393,24.510671,1,0
41289.0,118.038459,24.463498,117.674504,24.50292,1,0
41290.0,117.683865,24.50333,118.159459,24.492455,1,1
41400.0,117.667481,24.507064,118.136131,24.531815,1,1
41400.0,117.638066,24.505287,118.14463,24.490839,1,1
41400.0,117.686533,24.495065,118.160773,24.504495,1,1
41400.0,118.120363,24.432028,117.638066,24.505287,4,0
41400.0,117.656812,24.506401,118.103287,24.468708,1,1
41400.0,118.154028,24.488165,117.674006,24.507801,1,0
41400.0,117.677569,24.518545,118.097297,24.561243,1,1
41450.0,117.653033,24.53129,118.086343,24.447572,1,1
41507.0,117.73438,24.498028,118.01609,24.486493,1,1
41526.0,118.114987,24.48754,117.687374,24.50812,1,0
41615.0,117.728881,24.49654,118.159609,24.493531,1,1
41617.0,118.126016,24.48481,117.65952,24.5372,1,0
41701.0,117.643074,24.515895,118.151915,24.487749,1,1
41717.0,118.125806,24.479642,117.653096,24.500688,1,0
41718.0,117.724001,24.496375,118.142244,24.53721,1,1
41811.0,117.628251,24.51067,118.171847,24.537605,1,1
41847.0,118.134149,24.510021,117.692064,24.518406,1,0
42000.0,117.664912,24.521666,118.152765,24.541404,1,1
42000.0,117.68046,24.508493,118.136128,24.531814,2,1
42000.0,117.658675,24.507074,118.152323,24.542164,1,1
42013.0,118.098977,24.455621,117.697924,24.523264,1,0
42050.0,117.636192,24.52052,118.092436,24.461964,1,1
42232.0,117.748571,24.502382,118.152224,24.505097,1,1
42236.0,118.142764,24.513166,117.631099,24.508689,1,0
42444.0,117.679251,24.491473,118.130271,24.499072,1,1
42476.0,118.136986,24.52495,117.703151,24.505596,1,0
42477.0,117.662285,24.507806,118.030787,24.484049,1,1
42578.0,117.698265,24.512128,118.064738,24.562905,1,1
42600.0,118.125037,24.505305,117.750063,24.500561,1,0
42600.0,117.687368,24.503556,118.12132,24.43313,1,1
42600.0,117.750093,24.50911,118.102581,24.486994,1,1
42681.0,117.707722,24.514566,118.165305,24.507163,1,1
42697.0,117.680797,24.522346,118.110019,24.522981,1,1
42717.0,118.138332,24.49317,117.687305,24.497589,1,0
42731.0,118.12764,24.4823,117.692349,24.497285,1,0
42865.0,118.140897,24.517622,117.707252,24.501454,1,0
42973.0,117.662763,24.502538,118.117957,24.527116,1,1
43151.0,118.136128,24.531814,117.658291,24.490173,1,0
43200.0,118.163317,24.470734,117.656129,24.505397,1,0
43200.0,117.679418,24.489576,118.158674,24.503823,1,1
43200.0,117.634094,24.535698,118.155771,24.522386,1,1
43200.0,117.987565,24.485138,117.638393,24.524631,1,0
43200.0,118.142244,24.53721,117.659893,24.539534,1,0
43200.0,117.731695,24.517683,118.147155,24.638312,1,1
43200.0,117.679418,24.489576,118.164295,24.511931,1,1
43200.0,117.72586,24.462454,118.142244,24.53721,1,1
43200.0,117.726879,24.463834,118.083083,24.463653,1,1
43200.0,118.135152,24.488639,117.660653,24.507228,1,0
43200.0,117.651115,24.509791,118.152735,24.541456,1,1
43200.0,117.681535,24.499417,118.142244,24.53721,1,1
43200.0,118.104304,24.588292,117.634094,24.535698,1,0
43200.0,118.148835,24.525129,117.638393,24.524631,1,0
43265.0,118.163991,24.525652,117.714186,24.524409,1,0
43409.0,117.68641,24.49776,118.125957,24.688029,1,1
43489.0,117.663068,24.50154,118.173142,24.489901,1,1
43519.0,117.671447,24.493314,118.182296,24.476885,1,1
43526.0,117.681713,24.518851,118.201455,24.481706,1,1
43606.0,117.682608,24.494727,118.100355,24.50216,1,1
43634.0,117.706689,24.495121,118.142244,24.53721,1,1
43663.0,117.717946,24.506974,118.140778,24.525338,1,1
43728.0,118.128502,24.476178,117.68464,24.502616,1,0
43800.0,118.042655,24.557796,117.63314,24.520533,1,0
43800.0,117.636071,24.521436,118.104215,24.579967,1,1
43812.0,118.133369,24.489486,117.719453,24.513209,1,0
43862.0,117.664934,24.514818,118.124558,24.469663,1,1
43886.0,118.136059,24.495228,117.706696,24.49512,1,0
43888.0,117.665808,24.485995,118.180162,24.4676,1,1
43957.0,117.681964,24.486421,118.119923,24.467347,1,1
44027.0,117.678042,24.499632,118.115663,24.469199,1,1
44030.0,118.124867,24.47012,117.716652,24.530926,1,0
44034.0,118.125779,24.479507,117.684013,24.495293,1,0
44049.0,117.720219,24.533228,118.137399,24.521321,1,1
44070.0,118.086681,24.484425,117.659419,24.505525,1,0
44112.0,118.151437,24.47556,117.687053,24.512867,1,0
44215.0,118.099274,24.480778,117.715232,24.53183,1,0
44252.0,118.142764,24.513166,117.631099,24.508689,1,0
44297.0,118.04384,24.487945,117.658672,24.518319,1,0
44400.0,117.692819,24.506527,118.17638,24.49725,1,1
44400.0,117.646185,24.50638,118.130098,24.422478,2,1
44400.0,117.706002,24.500972,118.148666,24.519397,1,1
44507.0,118.163392,24.526722,117.653037,24.500622,1,0
44545.0,118.11586,24.527813,117.714322,24.511563,1,0
44676.0,118.185197,24.505486,117.666922,24.494752,1,0
44736.0,117.682609,24.494728,118.105683,24.469993,1,1
44805.0,117.711709,24.500681,118.066616,24.631059,1,1
44821.0,117.633928,24.536263,118.144075,24.479808,1,1
44843.0,117.72898,24.514424,118.161054,24.52054,1,1
44848.0,117.68057,24.492869,118.152321,24.542165,1,1
44930.0,118.11831,24.468083,117.661326,24.520119,1,0
45000.0,118.081142,24.454059,117.643575,24.505501,1,0
45000.0,117.712236,24.508505,118.046928,24.486242,1,1
45000.0,118.12477,24.505317,117.638939,24.53425,1,0
45000.0,117.692231,24.508741,118.122027,24.486463,1,1
45000.0,118.112807,24.46681,117.638522,24.520581,1,0
45000.0,117.644631,24.509946,118.11705,24.48299,1,1
45000.0,117.638066,24.505287,118.13055,24.425804,1,1
45000.0,118.114105,24.445418,117.638517,24.52058,1,0
45000.0,118.15561,24.491338,117.72128,24.512673,1,0
45000.0,118.08247,24.454112,117.649665,24.504589,2,0
45045.0,117.63854,24.519496,118.090447,24.442807,1,1
45068.0,117.669042,24.500971,118.103391,24.457518,1,1
45160.0,118.081523,24.451977,117.652095,24.490138,1,0
45161.0,118.047419,24.566019,117.717609,24.51509,1,0
45183.0,118.026442,24.449901,117.672378,24.515524,1,0
45227.0,118.130621,24.422839,117.643574,24.505501,1,0
45256.0,117.748506,24.502255,118.072132,24.567257,1,1
45352.0,118.126198,24.482807,117.651678,24.503947,1,0
45459.0,118.119582,24.511615,117.68803,24.515516,1,0
45473.0,117.621154,24.522947,118.116741,24.48017,1,1
45484.0,117.692077,24.499269,118.123781,24.43453,2,1
45510.0,118.182059,24.466337,117.682609,24.494728,1,0
45546.0,118.125453,24.479235,117.682608,24.494727,1,0
45579.0,117.647304,24.5072,118.071069,24.560955,1,1
45600.0,118.093165,24.458496,117.681215,24.509312,1,0
45623.0,118.087964,24.472341,117.692665,24.505741,1,0
45656.0,118.055944,24.604333,117.65112,24.50979,1,0
45713.0,118.144277,24.504099,117.688117,24.49866,1,0
45782.0,118.138019,24.49432,117.638655,24.510638,1,0
45797.0,117.66563,24.498366,118.048302,24.49734,1,1
45802.0,118.061071,24.571165,117.67003,24.499118,1,0
45844.0,117.712236,24.508507,118.036741,24.48073,1,1
45846.0,118.097551,24.466033,117.688935,24.504133,1,0
45890.0,118.151785,24.539754,117.715131,24.508318,1,0
45927.0,117.66018,24.522128,118.164092,24.52749,1,1
46099.0,117.678826,24.507093,118.115665,24.469197,1,1
46133.0,118.097977,24.459878,117.695478,24.506285,1,0
46193.0,117.659993,24.517653,118.120803,24.455742,1,1
46200.0,118.125106,24.511579,117.717629,24.514866,1,0
46200.0,117.717139,24.519227,118.131917,24.498231,2,1
46200.0,118.099401,24.582344,117.668546,24.493445,1,0
46211.0,118.000379,24.532752,117.671913,24.517347,1,0
46297.0,117.677948,24.487725,118.011924,24.533025,1,1
46635.0,117.679871,24.520225,118.046875,24.562323,1,1
46656.0,117.672173,24.4932,118.120895,24.464931,1,1
46656.0,117.66501,24.506454,118.028973,24.524576,1,1
46715.0,117.732165,24.492671,118.110019,24.522981,1,1
46755.0,118.048885,24.492357,117.643575,24.505501,1,0
46800.0,117.653604,24.507121,118.115445,24.458258,1,1
46800.0,117.683549,24.460346,118.142244,24.53721,1,1
46800.0,117.721184,24.454679,118.110428,24.427531,1,1
46800.0,117.687353,24.497806,118.126083,24.504704,2,1
46800.0,118.048845,24.496512,117.715917,24.518899,1,0
46800.0,117.645549,24.509037,118.13509,24.48743,1,1
46800.0,117.63801,24.535964,118.059425,24.570431,1,1
46800.0,118.114105,24.445418,117.634723,24.511177,1,0
46800.0,118.130343,24.426427,117.638066,24.505287,2,0
46800.0,117.639216,24.522951,118.130148,24.424961,1,1
46800.0,117.730659,24.516804,118.093068,24.434929,1,1
46800.0,117.643575,24.505501,118.124633,24.484367,1,1
46800.0,117.629147,24.509616,118.065153,24.558018,1,1
46800.0,118.142244,24.53721,117.652095,24.490138,1,0
46809.0,117.731822,24.493507,118.164295,24.511931,1,1
46885.0,118.120892,24.464931,117.688996,24.517591,1,0
46888.0,118.135807,24.50124,117.720597,24.50892,1,0
46909.0,117.663328,24.506067,118.038335,24.460651,1,1
46980.0,117.7252,24.504539,118.124564,24.472137,1,1
47002.0,117.678827,24.519146,118.070991,24.566568,1,1
47015.0,118.152323,24.542164,117.719221,24.50691,1,0
47172.0,118.107602,24.470865,117.676516,24.514428,1,0
47186.0,117.735565,24.510359,118.134228,24.491383,1,1
47220.0,118.120892,24.464931,117.693598,24.510417,1,0
47225.0,117.678941,24.517994,118.201455,24.481706,1,1
47257.0,117.636053,24.520332,118.144556,24.477709,1,1
47284.0,117.735595,24.510989,118.197113,24.472942,1,1
47316.0,117.748546,24.502317,118.070991,24.566568,1,1
47357.0,117.662228,24.510637,118.136816,24.531395,1,1
47400.0,118.147377,24.433773,117.638136,24.520415,2,0
47400.0,117.706632,24.505204,118.200095,24.49053,1,1
47435.0,117.687131,24.505836,118.091283,24.456657,1,1
47437.0,117.671714,24.501525,118.146407,24.426787,1,1
47580.0,117.715652,24.51187,118.044151,24.494294,2,1
47602.0,117.672589,24.516258,118.145806,24.509828,1,1
47620.0,117.704004,24.507502,118.04384,24.487945,1,1
47653.0,117.719221,24.50691,118.078107,24.452182,1,1
47655.0,117.701749,24.52855,118.127394,24.467838,1,1
47677.0,118.159982,24.504572,117.727236,24.496229,1,0
47760.0,117.715917,24.518899,118.135576,24.48307,1,1
47769.0,118.115152,24.58417,117.66956,24.516091,1,0
47927.0,118.131853,24.498345,117.66517,24.509555,1,0
47972.0,117.673944,24.531019,118.085587,24.447893,1,1
47984.0,118.099041,24.515529,117.672136,24.499984,1,0
47998.0,118.118169,24.434586,117.664708,24.503265,1,0
48000.0,118.1118,24.521727,117.698265,24.512128,1,0
48000.0,117.683971,24.519915,118.101559,24.455949,1,1
48000.0,117.730614,24.517022,118.093068,24.434929,1,1
48000.0,118.173276,24.490541,117.719224,24.50691,1,0
48000.0,117.683971,24.519915,118.101559,24.455949,1,1
48000.0,118.131202,24.424748,117.64503,24.506377,1,0
48000.0,117.682609,24.494728,118.061853,24.558913,1,1
48070.0,118.145556,24.431222,117.692068,24.518406,1,0
48097.0,117.662813,24.503472,118.120803,24.455742,1,1
48110.0,117.748546,24.502317,118.070991,24.566568,1,1
48161.0,118.192253,24.485265,117.722443,24.504553,1,0
48182.0,118.155488,24.517152,117.635272,24.514363,2,0
48196.0,117.664749,24.513654,118.190546,24.505352,1,1
48234.0,118.125489,24.50638,117.679178,24.4991,1,0
48259.0,117.634098,24.535697,118.121178,24.539996,1,1
48277.0,118.150649,24.733903,117.666911,24.499466,1,0
48284.0,117.722596,24.498123,118.159636,24.520174,1,1
48536.0,118.086342,24.447573,117.67537,24.516573,1,0
48550.0,117.661269,24.509571,118.166708,24.484141,1,1
48560.0,117.730488,24.51218,118.046055,24.560723,1,1
48581.0,118.110833,24.519604,117.717549,24.514708,1,0
48600.0,118.094282,24.463209,117.657938,24.525743,1,0
48600.0,117.719988,24.510037,118.044449,24.568406,1,1
48600.0,117.625168,24.527759,118.150049,24.52497,1,1
48600.0,117.657731,24.507335,118.1662,24.537375,1,1
48600.0,117.650198,24.508693,118.098421,24.504483,1,1
48606.0,118.145795,24.475838,117.63252,24.519407,1,0
48633.0,118.154788,24.510192,117.673698,24.509623,1,0
48663.0,118.200471,24.49258,117.653604,24.506388,1,0
48685.0,118.180295,24.477992,117.655441,24.507543,1,0
48718.0,117.664017,24.505994,117.987287,24.485031,1,1
48724.0,117.63882,24.518965,118.03515,24.491053,1,1
48818.0,118.166834,24.458964,117.748571,24.502382,1,0
48884.0,117.679238,24.490994,118.152892,24.428403,2,1
48886.0,118.166981,24.462303,117.675865,24.503731,1,0
48887.0,117.673452,24.515083,118.149467,24.49707,1,1
48930.0,118.104912,24.464087,117.664771,24.49484,1,0
48945.0,117.65954,24.508928,118.119622,24.485112,1,1
49010.0,118.138684,24.489956,117.666187,24.513093,1,0
49016.0,117.679154,24.490084,118.148991,24.51179,1,1
49029.0,117.672784,24.514638,118.18552,24.488167,1,1
49045.0,117.679154,24.490084,118.148991,24.51179,1,1
49046.0,118.140714,24.532505,117.666459,24.494165,1,0
49057.0,118.145203,24.487681,117.682609,24.494728,1,0
49111.0,117.672416,24.492685,118.112557,24.541756,1,1
49134.0,117.683763,24.493372,118.11767,24.465248,1,1
49187.0,118.089278,24.452781,117.681252,24.494007,1,0
49200.0,117.661366,24.511191,118.142244,24.53721,1,1
49257.0,118.182471,24.477168,117.748085,24.48762,1,0
49262.0,118.13303,24.546244,117.664552,24.502867,1,0
49269.0,117.73285,24.513572,118.12282,24.535922,1,1
49287.0,117.657304,24.505392,118.191425,24.499412,1,1
49320.0,117.731532,24.513013,118.086343,24.447572,1,1
49328.0,118.060643,24.553779,117.7027,24.515614,1,0
49425.0,117.659401,24.505498,118.095808,24.511169,1,1
49540.0,118.096992,24.439352,117.711708,24.500681,1,0
49547.0,118.092204,24.490587,117.656144,24.478143,1,0
49599.0,117.637281,24.545903,118.103328,24.512109,1,1
49632.0,118.109817,24.566726,117.682609,24.494728,1,0
49673.0,117.663644,24.501051,118.105,24.56919,1,1
49755.0,117.654743,24.500725,118.019385,24.523363,1,1
49800.0,118.130203,24.423473,117.638105,24.505263,2,0
49800.0,117.656544,24.505926,118.142242,24.537209,1,1
49800.0,118.101172,24.502927,117.638522,24.520581,1,0
49839.0,118.034972,24.463522,117.643575,24.505501,1,0
50003.0,118.138106,24.530969,117.734927,24.517509,1,0
50020.0,117.732161,24.492643,118.035155,24.491052,1,1
50032.0,118.169986,24.529253,117.66601,24.521513,1,0
50079.0,117.637627,24.520582,118.134705,24.489761,1,1
50125.0,117.664781,24.521609,118.109183,24.483461,1,1
50146.0,117.661702,24.478659,118.049014,24.568514,1,1
50208.0,118.083671,24.456645,117.639237,24.518857,1,0
50324.0,118.185012,24.510259,117.659049,24.517862,1,0
50341.0,118.118286,24.467815,117.71554,24.519388,1,0
50343.0,117.70318,24.505932,118.131217,24.468349,1,1
50347.0,118.140878,24.473106,117.651115,24.509791,1,0
50354.0,117.686796,24.499437,118.152103,24.519723,1,1
50371.0,117.721198,24.454785,118.146539,24.426397,1,1
50377.0,118.098872,24.463595,117.649823,24.504518,1,0
50386.0,117.657824,24.519786,118.103746,24.512016,1,1
50400.0,118.082448,24.476303,117.680694,24.492959,1,0
50400.0,117.685085,24.496752,118.143162,24.523424,1,1
50400.0,117.670747,24.509165,117.904662,24.523387,1,1
50400.0,117.63513,24.541416,118.123592,24.535022,1,1
50400.0,118.098054,24.436041,117.699694,24.497586,1,0
50400.0,117.64256,24.51225,118.077973,24.456517,2,1
50400.0,117.679777,24.498833,118.136131,24.531815,1,1
50400.0,117.748571,24.502382,118.039659,24.555172,1,1
50400.0,117.682608,24.494727,118.144623,24.490839,1,1
50400.0,117.702797,24.51372,118.117811,24.493639,1,1
50400.0,117.677727,24.497014,118.135275,24.500572,1,1
50400.0,118.120515,24.48776,117.670209,24.501072,1,0
50400.0,118.086789,24.449564,117.631379,24.515445,1,0
50400.0,117.717347,24.51155,118.153026,24.50574,1,1
50400.0,117.676527,24.516146,118.118925,24.511809,1,1
50400.0,118.17117,24.468696,117.644394,24.519538,1,0
50419.0,118.121162,24.466558,117.737933,24.511487,1,0
50420.0,117.721198,24.454785,118.146539,24.426397,1,1
50436.0,118.086288,24.450268,117.672125,24.49295,3,0
50463.0,118.183038,24.501439,117.690483,24.516626,1,0
50464.0,117.716474,24.508957,118.116772,24.489219,1,1
50491.0,118.097393,24.453697,117.692346,24.497285,1,0
50509.0,118.093657,24.43311,117.690421,24.516183,1,0
50523.0,117.671725,24.512523,118.087895,24.455601,1,1
50550.0,118.059656,24.557731,117.633299,24.518742,1,0
50641.0,117.658102,24.518033,118.127046,24.515878,1,1
50716.0,118.198164,24.495079,117.631481,24.508316,1,0
50718.0,117.680596,24.493902,118.167383,24.455169,1,1
50783.0,117.705694,24.496352,118.15119,24.529126,1,1
50821.0,117.688814,24.514889,117.946786,24.484484,1,1
50949.0,117.696991,24.518529,118.15561,24.491338,1,1
50970.0,118.108541,24.45854,117.667426,24.518991,1,0
51000.0,117.666425,24.501656,118.100014,24.474595,1,1
51000.0,118.09739,24.453698,117.688225,24.497191,4,0
51017.0,118.0618,24.574805,117.681249,24.494007,1,0
51035.0,117.671408,24.507021,118.033135,24.490861,1,1
51094.0,118.124166,24.538605,117.678198,24.50802,1,0
51248.0,118.145806,24.488956,117.679907,24.499323,1,0
51261.0,117.625726,24.526559,118.140737,24.508828,1,1
51283.0,118.142296,24.51775,117.678572,24.515318,1,0
51298.0,117.659109,24.498553,118.093704,24.433019,1,1
51425.0,118.09947,24.437667,117.627092,24.530695,2,0
51460.0,117.692064,24.518406,118.005869,24.520925,1,1
51483.0,118.08882,24.458131,117.682725,24.520741,2,0
51497.0,118.035155,24.491052,117.66036,24.50354,1,0
51525.0,117.657279,24.490138,118.079678,24.601646,1,1
51593.0,118.10515,24.508085,117.635207,24.510622,1,0
51599.0,118.162131,24.443114,117.662734,24.520538,2,0
51600.0,117.636686,24.520916,118.071294,24.562544,1,1
51600.0,117.719001,24.510564,118.109349,24.428205,1,1
51741.0,118.109308,24.428993,117.638066,24.505287,1,0
51785.0,117.718876,24.51808,118.170854,24.459635,1,1
51815.0,117.653235,24.501648,118.037257,24.463832,1,1
51819.0,117.63527,24.514363,118.085982,24.457321,1,1
51849.0,118.128805,24.506293,117.671693,24.500934,1,0
51871.0,117.748576,24.502387,118.16296,24.441615,2,1
51889.0,117.682609,24.494728,118.044442,24.493482,1,1
51958.0,118.094514,24.464331,117.675217,24.520491,1,0
51993.0,118.096223,24.465291,117.667426,24.518994,1,0
52005.0,118.08823,24.476628,117.667924,24.52139,1,0
52019.0,117.641436,24.54653,118.137471,24.52579,1,1
52046.0,118.09381,24.433274,117.690483,24.516626,1,0
52055.0,118.156453,24.519541,117.70731,24.507942,1,0
52059.0,117.649643,24.513405,118.091002,24.460094,2,1
52152.0,118.054081,24.49281,117.707722,24.514566,1,0
52174.0,118.161931,24.535099,117.690322,24.501905,1,0
52200.0,118.1095,24.581653,117.634098,24.535697,1,0
52200.0,118.155376,24.492704,117.639825,24.519762,1,0
52200.0,117.643575,24.505501,118.070991,24.566568,1,1
52200.0,118.193638,24.484007,117.651678,24.503947,1,0
52200.0,118.164407,24.505295,117.653033,24.53129,1,0
52200.0,117.638066,24.505287,118.136128,24.531814,1,1
52200.0,117.629569,24.511484,117.998097,24.52898,1,1
52200.0,117.664602,24.514583,118.166363,24.530344,1,1
52200.0,117.694654,24.502414,118.053543,24.591894,1,1
52200.0,118.176874,24.535311,117.748571,24.502382,1,0
52200.0,117.663363,24.507612,118.152323,24.542164,2,1
52200.0,117.684438,24.497843,118.116615,24.483561,1,1
52200.0,117.70219,24.518306,118.1852,24.505487,1,1
52200.0,118.110775,24.428934,117.628404,24.524691,1,0
52200.0,118.150035,24.471244,117.641012,24.519342,1,0
52200.0,117.667158,24.50528,118.139178,24.497304,2,1
52200.0,117.750714,24.484923,118.184729,24.476555,1,1
52303.0,117.684357,24.495223,118.123306,24.514601,1,1
52442.0,118.17575,24.475563,117.671369,24.50291,1,0
52531.0,117.638032,24.505468,118.097809,24.563629,1,1
52569.0,118.035642,24.46218,117.643575,24.505501,1,0
52589.0,118.141634,24.526153,117.682608,24.494727,1,0
52709.0,117.682729,24.520742,118.14735,24.521763,2,1
52720.0,118.196184,24.483183,117.679942,24.492086,1,0
52737.0,118.102813,24.512877,117.684117,24.500369,2,0
52800.0,118.035155,24.491052,117.698265,24.512128,1,0
52800.0,117.643575,24.505501,118.133203,24.510333,1,1
52910.0,118.136135,24.495202,117.684256,24.493906,1,0
53022.0,117.65177,24.533755,118.061356,24.553099,1,1
53086.0,118.103772,24.507227,117.674392,24.510671,1,0
53116.0,117.642198,24.52678,118.036855,24.487533,1,1
53119.0,118.09381,24.433274,117.684224,24.517728,1,0
53239.0,117.63527,24.514363,118.127594,24.504097,1,1
53277.0,118.09014,24.443011,117.63854,24.519496,1,0
53322.0,117.656145,24.509175,118.098756,24.46128,1,1
53372.0,118.053579,24.488601,117.625573,24.520893,1,0
53400.0,117.664602,24.514583,118.104514,24.463917,1,1
53430.0,118.120895,24.464931,117.653122,24.5007,1,0
53652.0,117.750714,24.484923,118.103946,24.464178,1,1
53682.0,118.171259,24.530202,117.649691,24.509072,1,0
53756.0,117.666984,24.517479,118.080577,24.454071,1,1
53781.0,117.668545,24.505497,118.136715,24.509505,1,1
53860.0,118.096237,24.505125,117.638066,24.505287,1,0
53871.0,118.152953,24.539782,117.658292,24.490173,6,0
53880.0,118.085773,24.460034,117.687716,24.501434,1,0
53940.0,117.677034,24.502317,118.125514,24.48925,1,1
53947.0,118.131854,24.498345,117.725766,24.530485,1,0
54000.0,117.637248,24.520255,118.148784,24.525416,1,1
54000.0,117.65622,24.491323,118.111726,24.467343,1,1
54000.0,118.17566,24.462131,117.641692,24.509195,1,0
54000.0,117.678468,24.488779,118.149491,24.527251,1,1
54000.0,117.632284,24.544335,118.136128,24.531814,2,1
54000.0,117.674339,24.494434,118.07977,24.456116,1,1
54000.0,117.654447,24.505256,118.086067,24.458314,1,1
54000.0,118.070991,24.566568,117.636687,24.520917,1,0
54000.0,117.637331,24.508715,118.130311,24.422636,1,1
54000.0,117.628923,24.515195,118.079019,24.633511,1,1
54000.0,118.038923,24.461929,117.639425,24.518729,1,0
54029.0,117.692145,24.49947,118.158237,24.433953,1,1
54063.0,118.093901,24.435278,117.651682,24.503946,1,0
54135.0,118.195571,24.501165,117.714699,24.507971,1,0
54150.0,118.115777,24.470522,117.657746,24.507344,1,0
54183.0,117.624452,24.521277,118.041298,24.463574,1,1
54202.0,117.648238,24.513195,118.183587,24.465456,1,1
54386.0,117.66793,24.506183,118.084748,24.448722,1,1
54452.0,118.196873,24.483519,117.664139,24.508512,1,0
54521.0,118.102472,24.469105,117.682609,24.494728,1,0
54570.0,117.707001,24.513966,118.149465,24.533531,1,1
54577.0,118.153953,24.527981,117.676555,24.509044,1,0
54580.0,117.666661,24.49953,118.131853,24.498345,1,1
54591.0,118.049514,24.578789,117.661461,24.507142,1,0
54600.0,117.630504,24.508872,118.133154,24.49573,1,1
54600.0,118.046928,24.568842,117.654322,24.519826,1,0
54600.0,117.62803,24.510317,118.123695,24.509293,1,1
54600.0,117.653033,24.53129,118.114256,24.466036,1,1
54600.0,117.642198,24.52678,118.036898,24.487368,1,1
54602.0,117.717354,24.51155,118.181261,24.490193,1,1
54696.0,118.113634,24.515297,117.675187,24.526285,1,0
54698.0,118.197298,24.493612,117.651115,24.509791,1,0
54831.0,118.186985,24.458264,117.658808,24.507926,1,0
54832.0,118.160647,24.525267,117.722547,24.53206,1,0
54834.0,118.135472,24.50196,117.669402,24.520986,1,0
54842.0,117.675211,24.520491,118.093067,24.43493,1,1
54898.0,118.103946,24.464178,117.652668,24.506237,1,0
54947.0,118.079822,24.478181,117.638517,24.52058,1,0
54947.0,118.095136,24.456626,117.679154,24.490084,1,0
54991.0,117.65428,24.507209,118.135519,24.489661,1,1
55022.0,118.140776,24.525338,117.707771,24.504903,1,0
55089.0,118.097815,24.563604,117.675002,24.509877,1,0
55115.0,118.054611,24.581154,117.663534,24.519031,1,0
55147.0,118.153821,24.441149,117.644393,24.519539,1,0
55200.0,117.654648,24.503243,118.142244,24.53721,1,1
55200.0,117.715232,24.53183,118.143261,24.515167,1,1
55200.0,118.127061,24.432466,117.667943,24.506186,1,0
55343.0,118.194118,24.495136,117.692231,24.508743,1,0
55492.0,118.083552,24.468631,117.672012,24.491591,1,0
55565.0,117.658851,24.516702,118.004542,24.524949,1,1
55598.0,117.661579,24.505483,118.185484,24.504144,1,1
55632.0,118.107023,24.465391,117.658851,24.516702,1,0
55659.0,118.122481,24.504709,117.697463,24.505357,1,0
55682.0,117.66501,24.506454,118.096241,24.505125,2,1
55704.0,118.138106,24.530969,117.658291,24.490173,1,0
55731.0,117.688032,24.514682,118.1484,24.493427,1,1
55800.0,118.132347,24.488745,117.684224,24.517728,1,0
55800.0,117.642198,24.52678,118.017929,24.480251,1,1
55800.0,118.152738,24.541455,117.68803,24.515516,1,0
55800.0,117.682178,24.498774,118.148121,24.526248,1,1
55800.0,118.143502,24.501659,117.634679,24.508543,1,0
55800.0,117.66407,24.500428,118.122461,24.504665,1,1
55800.0,117.709033,24.513948,118.082661,24.46087,1,1
55800.0,117.681946,24.492646,118.152224,24.505097,1,1
55800.0,117.664602,24.514583,118.166363,24.530344,1,1
55800.0,117.647897,24.50913,118.046014,24.489752,1,1
55800.0,118.100228,24.456212,117.664752,24.513653,2,0
55800.0,118.125631,24.429055,117.634094,24.535698,1,0
55800.0,117.710937,24.505206,118.100475,24.496536,1,1
55800.0,117.638066,24.505287,118.049032,24.573754,1,1
55800.0,117.63882,24.518965,118.131853,24.498345,1,1
55800.0,118.140831,24.504233,117.671203,24.511303,1,0
55800.0,117.638066,24.505287,118.141621,24.526145,1,1
55800.0,117.668382,24.534617,118.127313,24.505773,1,1
55808.0,118.03644,24.492074,117.686602,24.516288,1,0
55855.0,118.150922,24.488981,117.674754,24.503629,2,0
55906.0,117.673715,24.510391,118.100227,24.456212,1,1
55911.0,118.080984,24.480663,117.638066,24.505287,2,0
55947.0,118.131853,24.498345,117.731595,24.517323,1,0
55969.0,118.191425,24.499412,117.657304,24.505392,1,0
56036.0,118.122667,24.467972,117.666149,24.511962,1,0
56080.0,117.671733,24.522975,118.035155,24.491052,1,1
56094.0,117.675681,24.50365,118.081372,24.453419,1,1
56110.0,117.680855,24.506676,118.105744,24.58293,1,1
56158.0,118.112447,24.541733,117.653033,24.53129,1,0
56183.0,117.682108,24.492235,118.106842,24.567037,1,1
56186.0,118.128614,24.693602,117.726824,24.514951,1,0
56199.0,118.051352,24.56346,117.638136,24.520415,1,0
56237.0,118.099406,24.437972,117.678423,24.496004,1,0
56265.0,118.195572,24.50073,117.663688,24.507421,1,0
56302.0,117.675217,24.520491,118.132735,24.509201,1,1
56400.0,118.182369,24.501971,117.638393,24.524631,1,0
56400.0,118.149984,24.543021,117.687806,24.501787,1,0
56400.0,117.713406,24.508829,118.14861,24.499826,1,1
56446.0,117.644864,24.511747,118.133351,24.479719,1,1
56456.0,118.102355,24.531686,117.665363,24.512704,1,0
56469.0,117.715632,24.509954,118.110336,24.520241,1,1
56581.0,118.093975,24.450967,117.684359,24.498803,1,0
56607.0,117.672436,24.492191,118.136816,24.531395,1,1
56620.0,118.136128,24.531814,117.643575,24.505501,1,0
56709.0,118.083579,24.451144,117.658294,24.490172,1,0
56726.0,118.110384,24.481602,117.649796,24.53089,1,0
56731.0,117.665652,24.534711,118.111902,24.585129,1,1
56753.0,118.120147,24.455303,117.634678,24.508542,1,0
56756.0,117.719376,24.507743,118.122978,24.482484,1,1
56785.0,118.121681,24.467947,117.68803,24.515516,1,0
56794.0,117.964685,24.478812,117.698262,24.512127,1,0
56800.0,118.089126,24.447168,117.653031,24.53129,1,0
56914.0,118.198164,24.495079,117.682609,24.494728,1,0
56963.0,118.095136,24.456626,117.71641,24.495622,1,0
57092.0,117.676845,24.506843,118.120379,24.521316,1,1
57103.0,118.136128,24.531814,117.654323,24.507899,1,0
57114.0,118.079677,24.457378,117.638105,24.505263,1,0
57145.0,117.638009,24.535964,118.100902,24.501975,1,1
57168.0,117.72128,24.512673,118.139162,24.506116,1,1
57189.0,118.126566,24.493565,117.673741,24.511618,1,0
57208.0,117.657898,24.509747,118.106844,24.567037,1,1
57243.0,117.65979,24.512423,118.193635,24.484007,1,1
57277.0,117.674046,24.507474,118.106593,24.603205,1,1
57310.0,118.150687,24.48895,117.693716,24.497091,1,0
57395.0,117.719142,24.515689,118.058304,24.568928,1,1
57409.0,117.658548,24.501598,118.189751,24.476946,1,1
57475.0,117.677948,24.487725,118.107824,24.482441,1,1
57502.0,117.635675,24.545534,118.113296,24.52559,1,1
57525.0,117.620771,24.518263,118.16375,24.481732,1,1
57587.0,118.183112,24.466065,117.71641,24.495622,1,0
57600.0,118.16383,24.441112,117.638063,24.505287,1,0
57600.0,117.716671,24.513718,118.096361,24.433583,1,1
57600.0,117.72898,24.514424,118.1237,24.535363,1,1
57600.0,117.638393,24.524631,118.162509,24.441177,1,1
57600.0,117.665719,24.498863,118.13386,24.508456,1,1
57600.0,118.142244,24.53721,117.675593,24.509775,1,0
57600.0,118.199632,24.484084,117.72858,24.495223,1,0
57600.0,117.651661,24.503924,118.152735,24.541456,1,1
57600.0,118.171264,24.530202,117.638136,24.520415,1,0
57600.0,117.676409,24.511235,118.050986,24.4892,1,1
57600.0,117.725024,24.50526,118.152735,24.541456,1,1
57600.0,118.092033,24.495638,117.68011,24.499001,1,0
57600.0,117.63725,24.526345,118.193952,24.489635,1,1
57600.0,118.152191,24.4946,117.693087,24.495741,1,0
57600.0,117.643575,24.505501,118.141546,24.512048,1,1
57600.0,117.663528,24.519031,118.041831,24.485833,1,1
57600.0,117.631532,24.53609,118.116761,24.543562,1,1
57600.0,117.67293,24.507588,118.116048,24.468897,2,1
57600.0,117.644475,24.513897,118.092326,24.497185,1,1
57600.0,117.638066,24.505287,118.123695,24.509293,1,1
57659.0,117.666471,24.515983,118.16132,24.468544,1,1
57725.0,117.666946,24.496989,118.128955,24.480721,1,1
57735.0,118.109163,24.499106,117.656993,24.515058,1,0
57750.0,118.05145,24.484842,117.673243,24.502604,1,0
57771.0,117.681249,24.494007,118.182137,24.500758,1,1
57795.0,118.092199,24.464154,117.662225,24.510391,1,0
57813.0,117.673691,24.49024,118.083581,24.451144,2,1
57848.0,117.712822,24.50742,118.03616,24.490758,1,1
57853.0,118.123282,24.480892,117.658851,24.516702,1,0
57870.0,117.676825,24.496635,118.050757,24.521386,1,1
57882.0,117.672392,24.47757,118.120895,24.464931,1,1
57895.0,118.107913,24.429009,117.638393,24.524631,1,0
57902.0,118.11891,24.465602,117.666028,24.501703,1,0
57906.0,118.104157,24.5117,117.659447,24.499209,1,0
57954.0,118.044284,24.569068,117.72901,24.517169,1,0
57998.0,117.740787,24.514027,118.121819,24.510903,1,1
58015.0,118.118512,24.461966,117.720226,24.455789,1,0
58028.0,117.656227,24.504668,118.167109,24.473848,1,1
58061.0,117.6993,24.513528,118.13622,24.494904,1,1
58069.0,117.638136,24.520415,118.10336,24.509287,1,1
58116.0,118.155146,24.525195,117.627045,24.519893,1,0
58121.0,118.152735,24.541456,117.638655,24.510638,1,0
58128.0,118.079019,24.633512,117.674871,24.519844,1,0
58142.0,118.1227,24.486079,117.679645,24.510907,1,0
58155.0,117.663352,24.501015,118.1452,24.487531,1,1
58171.0,117.640737,24.514821,118.04521,24.56076,1,1
58200.0,118.131853,24.498345,117.670713,24.512182,1,0
58200.0,118.170152,24.463504,117.697128,24.504368,1,0
58200.0,118.110775,24.428934,117.69456,24.503369,1,0
58200.0,118.124212,24.484942,117.692346,24.497285,1,0
58240.0,118.137135,24.489795,117.670311,24.513643,1,0
58252.0,118.168096,24.661859,117.644469,24.545317,1,0
58351.0,118.131542,24.479112,117.686334,24.497786,1,0
58391.0,117.634094,24.535698,118.161664,24.518506,1,1
58443.0,117.651292,24.509761,118.139164,24.52502,1,1
58457.0,118.190446,24.505331,117.658148,24.507971,1,0
58494.0,117.684117,24.500369,118.049332,24.491135,1,1
58517.0,118.110734,24.540492,117.750138,24.500811,1,0
58517.0,117.66123,24.505026,118.118309,24.48878,1,1
58540.0,118.03469,24.491021,117.638393,24.52463,1,0
58542.0,117.659447,24.508723,118.182373,24.501971,1,1
58550.0,117.653031,24.53129,118.164542,24.472297,1,1
58608.0,117.668635,24.508717,118.187779,24.529202,1,1
58611.0,118.131853,24.498345,117.692068,24.518406,1,0
58632.0,117.718497,24.518573,118.104671,24.484208,1,1
58734.0,117.666344,24.494281,118.142738,24.424254,1,1
58761.0,118.137562,24.491615,117.679608,24.494745,1,0
58768.0,117.687313,24.49314,118.162612,24.538952,1,1
58771.0,118.060005,24.492717,117.638066,24.505287,2,0
58775.0,118.11261,24.50869,117.69256,24.49052,1,0
58800.0,117.67293,24.507588,118.116048,24.468897,2,1
58800.0,118.119163,24.524958,117.615406,24.52318,1,0
58800.0,117.636686,24.520916,118.108047,24.465474,1,1
58804.0,118.119313,24.512194,117.721,24.517681,1,0
58816.0,118.155235,24.525041,117.634808,24.538142,1,0
58840.0,117.654296,24.487441,118.161532,24.501743,1,1
58842.0,118.145688,24.497799,117.727334,24.495671,1,0
58868.0,117.652259,24.505159,118.064134,24.591537,1,1
58906.0,118.122456,24.504664,117.634804,24.538144,1,0
58907.0,118.091837,24.465765,117.679706,24.519717,1,0
58945.0,117.649582,24.522062,118.127017,24.491789,1,1
59070.0,117.675217,24.520491,118.147697,24.487962,1,1
59098.0,118.159459,24.492456,117.661702,24.478659,1,0
59140.0,117.675217,24.520491,118.149021,24.487394,1,1
59165.0,117.65112,24.50979,118.055944,24.604333,1,1
59165.0,118.079822,24.478181,117.631841,24.514666,1,0
59208.0,117.724808,24.498984,118.087534,24.448456,1,1
59212.0,118.091837,24.465765,117.679706,24.519717,1,0
59229.0,117.708787,24.481051,118.143791,24.49934,1,1
59255.0,118.091324,24.449412,117.659334,24.511427,1,0
59364.0,118.182796,24.48688,117.695478,24.506285,1,0
59400.0,117.719224,24.50691,118.187687,24.48085,1,1
59400.0,118.113115,24.587571,117.636686,24.520916,1,0
59400.0,118.153224,24.541297,117.714606,24.495008,1,0
59400.0,118.14175,24.475397,117.66856,24.505542,1,0
59400.0,118.096999,24.439353,117.652329,24.505522,1,0
59400.0,117.638898,24.518886,118.182745,24.473228,1,1
59400.0,118.037756,24.450269,117.6733,24.513469,1,0
59400.0,118.063652,24.574595,117.63854,24.519549,1,0
59400.0,118.044811,24.496089,117.672567,24.498781,1,0
59455.0,117.748571,24.502382,118.153119,24.504693,1,1
59495.0,117.672136,24.499984,118.107657,24.457561,1,1
59511.0,117.693498,24.505473,118.047986,24.583388,1,1
59534.0,118.18552,24.488167,117.672784,24.514638,1,0
59589.0,118.143182,24.486122,117.722535,24.498732,1,0
59596.0,117.655423,24.509392,118.115663,24.469199,1,1
59624.0,117.661363,24.511191,118.17126,24.530202,1,1
59630.0,118.130708,24.444453,117.684422,24.50965,1,0
59676.0,118.094466,24.4392,117.687714,24.501434,1,0
59729.0,118.033771,24.468684,117.73441,24.494819,1,0
59872.0,117.676432,24.501119,118.027951,24.588492,1,1
59876.0,117.678878,24.500037,118.133101,24.488245,1,1
59878.0,118.053096,24.489144,117.629895,24.511394,1,0
59994.0,118.053188,24.566662,117.672968,24.503353,1,0
60000.0,118.099238,24.505609,117.684611,24.504654,1,0
60000.0,118.130193,24.482766,117.675843,24.517287,2,0
60000.0,117.638393,24.524631,118.158856,24.485042,1,1
60040.0,117.638655,24.510638,118.085798,24.462275,1,1
60083.0,118.143104,24.524179,117.711709,24.500681,1,0
60134.0,118.124869,24.485876,117.658089,24.498394,1,0
60156.0,118.157898,24.509704,117.692231,24.508741,1,0
60205.0,117.709987,24.513678,118.158344,24.520336,1,1
60212.0,118.150381,24.487645,117.676959,24.502911,1,0
60275.0,118.130511,24.509003,117.618975,24.520132,1,0
60293.0,118.19408,24.489599,117.672102,24.502068,1,0
60315.0,118.17017,24.471398,117.727075,24.495896,1,0
60405.0,117.695101,24.510301,118.194694,24.500176,1,1
60490.0,117.638391,24.524631,118.069931,24.589994,1,1
60540.0,118.182369,24.50197,117.66604,24.514314,1,0
60553.0,117.629354,24.521146,118.132182,24.507048,1,1
60575.0,117.627265,24.511854,118.123283,24.473998,1,1
60600.0,117.685393,24.512749,118.123224,24.510192,1,1
60600.0,117.665009,24.506455,118.18373,24.45973,1,1
60639.0,117.665862,24.512225,118.133993,24.546753,1,1
60648.0,118.11772,24.466289,117.672379,24.515524,1,0
60669.0,117.72901,24.517169,118.198286,24.48959,1,1
60692.0,118.146397,24.492869,117.676959,24.502911,1,0
60696.0,118.079515,24.463011,117.697841,24.505472,1,0
61036.0,118.079515,24.463011,117.697841,24.505472,1,0
61056.0,118.165983,24.529337,117.662581,24.502057,1,0
61065.0,117.682082,24.493919,118.206937,24.672783,1,1
61200.0,118.125938,24.503879,117.716412,24.495621,1,0
61200.0,118.170152,24.463504,117.67537,24.497176,1,0
61200.0,117.673891,24.512526,118.136128,24.531814,1,1
61200.0,118.096999,24.439353,117.652329,24.505522,1,0
61200.0,117.638393,24.524631,118.146285,24.473875,1,1
61200.0,117.713539,24.532562,118.156262,24.52287,1,1
61200.0,118.053096,24.489144,117.629895,24.511394,1,0
61200.0,117.675217,24.520491,118.050275,24.485983,1,1
61200.0,118.168194,24.52758,117.717768,24.507228,1,0
61243.0,118.109995,24.520778,117.628251,24.51067,1,0
61245.0,117.666978,24.513388,118.098054,24.436041,1,1
61362.0,117.726464,24.515116,118.1117,24.518647,1,1
61381.0,117.665862,24.512225,118.133993,24.546753,1,1
61402.0,117.66036,24.50354,118.153819,24.441149,2,1
61446.0,118.083579,24.451144,117.638138,24.520415,1,0
61448.0,118.18429,24.483243,117.62974,24.514499,1,0
61476.0,117.692481,24.517614,118.106806,24.512717,1,1
61481.0,117.68153,24.491764,118.13414,24.486015,1,1
61504.0,118.024519,24.529009,117.63854,24.519549,1,0
61552.0,117.750063,24.500561,118.110734,24.540492,1,1
61604.0,118.125807,24.515695,117.646676,24.508468,1,0
61785.0,118.102835,24.502759,117.704007,24.507504,2,0
61800.0,118.150572,24.487624,117.644468,24.545318,1,0
61800.0,117.669818,24.51912,118.125724,24.504548,1,1
61800.0,117.676867,24.513606,118.136126,24.531815,1,1
61800.0,117.617988,24.519188,118.113165,24.488068,1,1
61800.0,117.681585,24.517895,118.152327,24.542164,1,1
61800.0,117.712602,24.503497,118.033135,24.490861,1,1
61800.0,117.649582,24.522062,117.900732,24.510857,1,1
61800.0,117.668635,24.508717,118.152323,24.542164,1,1
61801.0,117.697356,24.517532,118.093687,24.446753,1,1
61830.0,118.084626,24.480914,117.682609,24.494728,1,0
61854.0,118.182338,24.67853,117.682608,24.494727,1,0
61877.0,118.123249,24.538072,117.661193,24.504997,1,0
61881.0,117.631361,24.515487,118.125759,24.517334,1,1
61991.0,118.02982,24.527685,117.651661,24.503924,1,0
62192.0,118.122671,24.504532,117.685649,24.512012,1,0
62225.0,117.640406,24.507554,118.132956,24.494653,1,1
62248.0,117.656451,24.506517,118.155027,24.473165,1,1
62313.0,118.077611,24.455465,117.643574,24.505501,1,0
62374.0,118.182338,24.67853,117.677982,24.507423,1,0
62397.0,117.676681,24.49892,118.086262,24.460521,1,1
62400.0,117.724808,24.498984,118.087958,24.448548,1,1
62400.0,117.636686,24.520916,118.021082,24.58655,1,1
62400.0,118.191936,24.503213,117.634808,24.538142,1,0
62400.0,118.091653,24.45354,117.657274,24.513789,1,0
62400.0,117.718907,24.510009,118.152323,24.542164,1,1
62400.0,118.200095,24.49053,117.662265,24.514299,1,0
62400.0,118.166364,24.530343,117.664602,24.514583,1,0
62428.0,117.66036,24.50354,118.157537,24.528811,1,1
62496.0,118.080024,24.458735,117.675467,24.498689,1,0
62525.0,117.73438,24.498028,118.163291,24.474719,1,1
62545.0,117.634098,24.535697,118.050545,24.492528,1,1
62557.0,117.625923,24.524952,118.117569,24.522939,1,1
62580.0,118.129712,24.470204,117.719224,24.50691,1,0
62589.0,118.153026,24.50574,117.692188,24.49479,1,0
62704.0,118.0772,24.455302,117.643574,24.505501,5,0
62721.0,117.628425,24.548393,118.138549,24.50158,1,1
62743.0,117.634094,24.535698,118.106527,24.501416,1,1
62831.0,118.193409,24.524599,117.660607,24.508818,1,0
62851.0,118.18707,24.505229,117.632831,24.508928,1,0
62867.0,118.125175,24.470739,117.676628,24.506533,1,0
62894.0,118.076841,24.459377,117.685652,24.522629,1,0
62896.0,118.134254,24.510513,117.676059,24.489958,1,0
62917.0,118.119348,24.516164,117.704006,24.5075,1,0
62920.0,117.666013,24.521514,118.145858,24.472636,1,1
62947.0,118.125004,24.501747,117.67657,24.491972,1,0
62950.0,117.661858,24.523032,118.049332,24.491135,1,1
63000.0,118.118608,24.523206,117.682608,24.494727,1,0
63000.0,117.675217,24.520491,118.193922,24.471367,1,1
63000.0,118.123368,24.49292,117.697241,24.495916,1,0
63000.0,118.145686,24.497799,117.715652,24.51187,1,0
63000.0,118.105809,24.467694,117.719221,24.50691,1,0
63000.0,118.125938,24.503879,117.716412,24.495621,1,0
63000.0,118.112772,24.487738,117.707666,24.504696,1,0
63000.0,118.097547,24.509901,117.619326,24.516566,1,0
63000.0,118.120475,24.488573,117.701857,24.513654,1,0
63000.0,118.12918,24.508305,117.71744,24.505306,1,0
63000.0,117.68684,24.498207,118.031219,24.567819,1,1
63000.0,117.62899,24.511343,118.078109,24.452183,1,1
63000.0,118.099354,24.431274,117.643575,24.505501,1,0
63000.0,118.096444,24.463974,117.681571,24.501831,1,0
63000.0,118.112934,24.522754,117.688027,24.515516,1,0
63000.0,118.150697,24.48707,117.658294,24.490172,1,0
63000.0,117.659389,24.492692,118.17126,24.530202,1,1
63000.0,118.20595,24.483128,117.732704,24.46626,1,0
63000.0,118.088384,24.475741,117.717743,24.507212,1,0
63000.0,118.126083,24.504704,117.68823,24.497191,2,0
63000.0,118.117555,24.528082,117.748571,24.502382,1,0
63009.0,118.077285,24.455622,117.643575,24.505501,1,0
63080.0,117.636686,24.520916,118.148105,24.489267,1,1
63103.0,118.121213,24.491927,117.638393,24.52463,1,0
63158.0,117.642367,24.512601,118.127269,24.505773,1,1
63208.0,117.684249,24.495372,118.159459,24.492456,1,1
63225.0,118.123184,24.515757,117.654222,24.499706,1,0
63237.0,117.671864,24.535658,118.167911,24.473836,1,1
63335.0,117.684293,24.509634,118.004542,24.524949,1,1
63373.0,117.712786,24.508305,118.158495,24.509626,1,1
63489.0,117.694487,24.504484,118.153546,24.489628,1,1
63498.0,117.692276,24.521693,118.146136,24.478669,1,1
63528.0,118.097545,24.509901,117.740809,24.5168,1,0
63549.0,118.102835,24.502759,117.704007,24.507504,1,0
63561.0,117.727239,24.496229,118.139119,24.473109,1,1
63600.0,117.638009,24.535964,118.144839,24.472665,1,1
63600.0,118.167383,24.455169,117.670211,24.501071,1,0
63600.0,118.201614,24.482493,117.649799,24.53089,1,0
63600.0,118.130579,24.469185,117.685429,24.510031,2,0
63600.0,118.124982,24.46969,117.687374,24.503564,1,0
63600.0,118.200677,24.482628,117.661729,24.509873,1,0
63600.0,117.653031,24.53129,118.158611,24.524716,1,1
63600.0,117.668406,24.498047,118.113327,24.501997,2,1
63676.0,117.747536,24.499776,118.092301,24.438203,1,1
63690.0,117.689951,24.529438,118.035433,24.563133,1,1
63700.0,118.081161,24.478556,117.720602,24.454738,1,0
63730.0,118.163195,24.495173,117.688421,24.500164,1,0
63741.0,117.63861,24.526395,118.098545,24.502877,1,1
63761.0,118.129515,24.489995,117.678901,24.516488,1,0
63771.0,117.651661,24.503924,118.126192,24.482802,1,1
63914.0,117.626072,24.521677,118.142527,24.482116,1,1
64004.0,118.163174,24.440015,117.722298,24.499074,1,0
64069.0,118.181861,24.482155,117.721359,24.512856,1,0
64076.0,118.045752,24.488189,117.62867,24.510317,2,0
64123.0,117.680573,24.493351,118.128383,24.485708,1,1
64132.0,118.027956,24.48298,117.667772,24.524906,1,0
64161.0,118.094807,24.510465,117.630358,24.508391,1,0
64180.0,118.164699,24.438725,117.643575,24.505501,1,0
64200.0,118.184726,24.679603,117.664806,24.500641,1,0
64200.0,117.638393,24.524631,118.146285,24.473875,1,1
64200.0,118.116227,24.427226,117.643575,24.505501,2,0
64208.0,117.638939,24.53425,118.136131,24.531815,1,1
64225.0,118.161961,24.540615,117.65166,24.51208,1,0
64304.0,117.635765,24.512841,118.161054,24.52054,1,1
64338.0,117.69831,24.512576,118.158483,24.494146,1,1
64350.0,117.681585,24.517895,118.091174,24.437767,1,1
64366.0,118.11283,24.427643,117.670213,24.488292,2,0
64407.0,117.664708,24.503265,118.164944,24.523808,1,1
64501.0,117.684842,24.503901,118.135599,24.501787,1,1
64550.0,118.102501,24.564317,117.748571,24.502382,1,0
64564.0,118.182338,24.67853,117.643575,24.505501,1,0
64573.0,117.743977,24.502911,118.116724,24.54371,1,1
64587.0,117.729034,24.515548,118.175891,24.505379,1,1
64610.0,117.684117,24.500369,118.137433,24.52133,1,1
64643.0,118.03897,24.495999,117.655052,24.505149,1,0
64693.0,117.638066,24.505287,118.193922,24.471367,1,1
64731.0,118.136128,24.531814,117.740534,24.513874,1,0
64755.0,118.151233,24.542448,117.743885,24.500853,1,0
64758.0,118.119759,24.4881,117.64242,24.513327,1,0
64778.0,117.727239,24.496229,118.15412,24.474648,1,1
64800.0,117.666075,24.507103,117.997246,24.519608,1,1
64800.0,118.136128,24.531814,117.652158,24.53524,1,0
64800.0,117.638393,24.524631,118.125034,24.46968,1,1
64800.0,118.089677,24.440261,117.66036,24.503539,2,0
64800.0,117.704621,24.519756,118.146569,24.493914,1,1
64800.0,117.661083,24.521917,118.171819,24.472616,2,1
64800.0,118.041852,24.552035,117.682609,24.494728,1,0
64800.0,118.190731,24.48197,117.70551,24.500094,1,0
64800.0,118.189991,24.484703,117.640992,24.51207,1,0
64800.0,118.132621,24.492952,117.660136,24.522044,1,0
64800.0,117.674357,24.509351,118.153224,24.541314,1,1
64800.0,118.113738,24.507908,117.664163,24.506805,1,0
64800.0,118.083958,24.457821,117.682609,24.494728,1,0
64800.0,118.190987,24.479193,117.656323,24.50449,1,0
64800.0,117.659873,24.499656,118.08073,24.458018,1,1
64830.0,117.692231,24.508741,118.052283,24.566925,1,1
64844.0,117.734927,24.517509,118.162854,24.494321,1,1
64851.0,117.685132,24.485261,118.120892,24.464931,1,1
64882.0,117.655537,24.505846,118.104274,24.589658,1,1
64898.0,118.166393,24.528774,117.707252,24.501454,1,0
64945.0,118.162897,24.484339,117.688998,24.520375,1,0
64956.0,117.687687,24.515897,118.11893,24.511809,1,1
64959.0,118.092392,24.437537,117.638066,24.505287,1,0
64963.0,117.685008,24.516341,118.049332,24.491135,1,1
64990.0,118.20246,24.490247,117.679305,24.506127,1,0
65025.0,118.126217,24.51768,117.653274,24.505048,1,0
65039.0,118.081563,24.470846,117.658785,24.520998,2,0
65084.0,118.169127,24.516428,117.711478,24.507685,1,0
65097.0,118.149996,24.489357,117.626024,24.526696,1,0
65167.0,118.108748,24.578665,117.652533,24.526557,1,0
65184.0,118.090213,24.441834,117.718484,24.516674,1,0
65186.0,117.679057,24.487663,118.097515,24.570594,1,1
65246.0,118.20246,24.490247,117.672707,24.500435,1,0
65249.0,117.679154,24.490084,118.10671,24.48675,1,1
65254.0,118.152323,24.542164,117.638066,24.505287,1,0
65258.0,118.182338,24.67853,117.682608,24.494727,1,0
65277.0,118.033363,24.5795,117.643133,24.517937,1,0
65301.0,117.668695,24.511105,118.119949,24.539999,2,1
65400.0,118.153259,24.541042,117.658294,24.490172,1,0
65400.0,118.165197,24.509495,117.688699,24.510305,2,0
65400.0,118.191819,24.479693,117.634682,24.508542,1,0
65400.0,118.172836,24.503801,117.665041,24.522286,1,0
65400.0,118.0716,24.570028,117.674317,24.508439,1,0
65400.0,117.748571,24.502382,118.093399,24.459267,2,1
65400.0,117.74828,24.501558,118.148043,24.433107,1,1
65400.0,117.666225,24.48373,118.087801,24.475875,1,1
65401.0,118.079254,24.459181,117.638136,24.520415,1,0
65422.0,117.681585,24.517895,118.103598,24.588018,1,1
65474.0,117.675965,24.50899,118.136128,24.531814,1,1
65516.0,117.628645,24.512262,118.153948,24.5185,1,1
65535.0,118.102603,24.467222,117.717351,24.51155,1,0
65536.0,118.086609,24.460974,117.681568,24.501831,1,0
65609.0,117.663528,24.519031,118.138685,24.489956,1,1
65629.0,117.702027,24.501002,118.045752,24.488189,1,1
65658.0,118.002563,24.487941,117.707718,24.514566,1,0
65663.0,118.158071,24.506003,117.679405,24.505971,1,0
65673.0,118.093983,24.435675,117.712355,24.508774,1,0
65700.0,118.142244,24.53721,117.682608,24.494727,1,0
65717.0,117.749501,24.500267,118.155505,24.436455,1,1
65727.0,118.1122,24.526721,117.685627,24.501744,1,0
65740.0,117.67615,24.509567,118.136128,24.531814,1,1
65785.0,117.664153,24.508331,118.152224,24.505097,1,1
65794.0,118.097922,24.466982,117.687229,24.50413,1,0
65860.0,117.719988,24.510037,118.014823,24.524547,1,1
65878.0,118.108774,24.429169,117.703759,24.501974,2,0
65924.0,117.676436,24.507476,118.104602,24.466437,1,1
65956.0,118.121226,24.433484,117.637699,24.520444,1,0
65973.0,117.712238,24.508506,118.125859,24.489626,1,1
65986.0,118.035244,24.564546,117.703557,24.496625,1,0
66000.0,118.182338,24.67853,117.644393,24.519539,1,0
66000.0,117.684842,24.503901,118.135599,24.501787,1,1
66000.0,118.181175,24.674602,117.664806,24.500641,1,0
66047.0,118.144629,24.480137,117.727239,24.496229,1,0
66089.0,117.648511,24.509357,118.106896,24.511044,1,1
66136.0,118.167217,24.530395,117.736939,24.51087,1,0
66149.0,117.676516,24.514428,118.107602,24.470865,1,1
66156.0,118.081563,24.470846,117.643575,24.505501,1,0
66180.0,118.096367,24.43182,117.643575,24.505501,1,0
66191.0,118.077842,24.455353,117.675365,24.512503,1,0
66194.0,118.117366,24.528115,117.668728,24.496669,1,0
66292.0,118.113164,24.488067,117.717629,24.514866,2,0
66364.0,118.07964,24.63207,117.684296,24.509632,1,0
66396.0,117.670362,24.495038,118.08432,24.456393,1,1
66418.0,118.198033,24.683832,117.674669,24.5207,1,0
66483.0,118.085325,24.473619,117.63854,24.519549,1,0
66505.0,117.714698,24.50797,118.104915,24.522167,1,1
66507.0,118.124104,24.489562,117.634096,24.535698,1,0
66520.0,118.190343,24.505673,117.655234,24.522551,1,0
66540.0,117.638066,24.505287,118.087616,24.450186,1,1
66542.0,118.153817,24.430641,117.676433,24.507477,3,0
66600.0,118.104459,24.522469,117.897774,24.522062,1,0
66600.0,117.718075,24.518871,118.055387,24.493533,2,1
66600.0,117.634098,24.535697,118.157732,24.524222,2,1
66600.0,117.669818,24.51912,118.15561,24.491339,1,1
66600.0,118.152323,24.542164,117.679646,24.510907,1,0
66600.0,118.133374,24.512744,117.719907,24.531624,1,0
66600.0,117.667158,24.50528,118.166485,24.530086,2,1
66600.0,117.643533,24.506073,118.127414,24.515753,1,1
66600.0,117.631529,24.53609,118.105681,24.469992,1,1
66600.0,118.123383,24.5152,117.693658,24.504727,1,0
66600.0,118.126305,24.47344,117.638393,24.524631,1,0
66600.0,118.050951,24.485178,117.638391,24.524631,1,0
66600.0,118.1567,24.517122,117.629098,24.509527,1,0
66600.0,118.112023,24.58675,117.707696,24.514564,1,0
66600.0,118.095376,24.430708,117.651661,24.503924,1,0
66605.0,117.679273,24.493476,118.157573,24.638405,1,1
66645.0,118.104645,24.500994,117.72901,24.517169,1,0
66651.0,117.656384,24.514271,118.117145,24.464617,1,1
66658.0,117.665979,24.512083,118.133231,24.465548,1,1
66675.0,117.668956,24.50057,118.122716,24.502504,1,1
66705.0,118.159798,24.517463,117.630757,24.519835,1,0
66717.0,118.190899,24.481794,117.659419,24.505525,1,0
66735.0,117.693659,24.504726,118.125755,24.51476,1,1
66739.0,118.154426,24.526121,117.675538,24.504499,1,0
66745.0,118.132139,24.499156,117.67173,24.512522,1,0
66747.0,118.128349,24.514649,117.671381,24.50174,1,0
66756.0,118.152323,24.542164,117.66306,24.504125,1,0
66779.0,118.166849,24.512689,117.726848,24.516458,1,0
66780.0,118.152735,24.541456,117.620768,24.518263,1,0
66854.0,118.099777,24.459922,117.692231,24.508741,1,0
66892.0,117.659642,24.505495,118.137929,24.485493,1,1
66901.0,118.093068,24.434929,117.687714,24.501434,1,0
66926.0,118.079019,24.633511,117.638105,24.505263,1,0
66939.0,118.083182,24.451732,117.704014,24.50487,2,0
67011.0,117.703759,24.508391,118.126242,24.515032,1,1
67015.0,118.001562,24.529439,117.665945,24.507869,1,0
67039.0,118.096237,24.505125,117.628404,24.524691,1,0
67060.0,117.747983,24.480024,118.083979,24.480812,1,1
67073.0,117.663564,24.5086,118.121819,24.510903,1,1
67104.0,118.153324,24.540588,117.682609,24.494728,1,0
67111.0,118.051762,24.490523,117.651661,24.512081,1,0
67138.0,117.617361,24.519108,118.141425,24.480391,1,1
67198.0,117.671864,24.535658,118.093918,24.476971,1,1
67200.0,117.638355,24.518861,118.097297,24.561243,1,1
67200.0,117.698262,24.512127,118.141452,24.516208,2,1
67200.0,117.638393,24.524631,118.162509,24.441177,1,1
67200.0,118.05284,24.562433,117.656742,24.51928,1,0
67200.0,117.634679,24.508543,118.152323,24.542164,1,1
67200.0,117.748789,24.500109,118.110023,24.522982,1,1
67200.0,118.079019,24.633511,117.658848,24.516703,1,0
67200.0,118.123989,24.480109,117.668737,24.512955,2,0
67235.0,118.001562,24.529439,117.665945,24.507869,1,0
67263.0,117.732984,24.520171,118.135424,24.49947,1,1
67271.0,117.65112,24.50979,118.088418,24.48867,1,1
67275.0,118.083182,24.451732,117.704014,24.50487,1,0
67285.0,117.673293,24.513469,118.123655,24.492005,2,1
67311.0,117.65118,24.508275,118.130548,24.48033,1,1
67322.0,118.196184,24.483183,117.658291,24.490173,1,0
67355.0,117.740618,24.513985,118.079824,24.478184,2,1
67395.0,118.165486,24.505938,117.648373,24.516183,1,0
67442.0,117.688998,24.517591,118.111895,24.486726,1,1
67482.0,117.659447,24.499209,118.110419,24.518705,1,1
67492.0,118.165486,24.505938,117.648373,24.516183,1,0
67520.0,117.62594,24.526659,118.152193,24.489807,1,1
67525.0,118.136128,24.531814,117.652158,24.53524,1,0
67538.0,118.163201,24.527462,117.667158,24.50528,1,0
67635.0,117.719904,24.531624,118.157537,24.528811,1,1
67638.0,118.077713,24.452038,117.651661,24.503924,1,0
67717.0,117.66887,24.509078,118.089135,24.458724,2,1
67747.0,117.672004,24.50033,118.167007,24.460062,1,1
67755.0,117.725012,24.49473,118.178352,24.462869,1,1
67760.0,118.180287,24.675529,117.639841,24.519361,1,0
67783.0,118.078391,24.452126,117.638105,24.505263,1,0
67785.0,117.65112,24.50979,118.121813,24.534318,1,1
67798.0,117.703344,24.498607,118.097579,24.570666,1,1
67800.0,117.733954,24.494619,118.152323,24.542164,1,1
67800.0,118.166364,24.530343,117.664602,24.514583,1,0
67800.0,117.68555,24.511724,118.120047,24.515517,1,1
67800.0,118.152735,24.541456,117.630235,24.551966,1,0
67850.0,118.127418,24.493869,117.673199,24.492265,1,0
67925.0,117.672603,24.511082,118.15561,24.491338,1,1
67938.0,118.078839,24.451664,117.643575,24.505501,1,0
67940.0,117.66059,24.498056,118.168807,24.469836,1,1
68001.0,118.181912,24.479655,117.64402,24.508346,1,0
68009.0,118.09949,24.477893,117.667191,24.500841,1,0
68034.0,117.690714,24.494578,118.109041,24.489352,1,1
68034.0,118.132152,24.469627,117.670981,24.523414,1,0
68036.0,118.146886,24.504608,117.649232,24.510518,1,0
68052.0,118.126677,24.520744,117.642765,24.512041,1,0
68095.0,117.640237,24.518213,118.166364,24.530343,1,1
68098.0,117.681252,24.494007,118.133892,24.50797,1,1
68128.0,117.667576,24.499401,118.1852,24.505487,1,1
68138.0,117.629895,24.511394,118.059577,24.494273,1,1
68169.0,118.134197,24.488065,117.66547,24.495103,1,0
68184.0,117.672372,24.506956,118.154028,24.488165,1,1
68210.0,118.158741,24.493976,117.629015,24.509354,1,0
68229.0,118.104993,24.430006,117.638393,24.524631,1,0
68239.0,117.638136,24.520415,118.048089,24.493412,1,1
68268.0,117.734826,24.51989,118.085741,24.484499,1,1
68329.0,117.745268,24.491658,118.117955,24.527115,1,1
68329.0,118.120895,24.464931,117.718078,24.506228,1,0
68342.0,117.73432,24.519229,118.068177,24.568012,1,1
68384.0,117.734833,24.51989,118.055762,24.568556,1,1
68400.0,118.099947,24.586031,117.679305,24.506127,1,0
68400.0,118.024027,24.528982,117.741982,24.504385,1,0
68400.0,117.651896,24.507523,118.1213,24.485438,1,1
68400.0,118.165668,24.528816,117.62592,24.524952,1,0
68400.0,118.126013,24.51791,117.672705,24.500609,1,0
68400.0,117.715632,24.509954,118.157732,24.524223,1,1
68400.0,118.143743,24.743179,117.63663,24.520896,1,0
68400.0,118.120512,24.521768,117.636292,24.520693,1,0
68400.0,117.660103,24.504455,118.143931,24.49005,1,1
68400.0,118.099155,24.46325,117.643575,24.505501,1,0
68400.0,117.678633,24.496573,118.174959,24.462516,1,1
68400.0,118.150739,24.523462,117.736939,24.51087,1,0
68400.0,117.710657,24.49308,118.089157,24.476572,1,1
68400.0,117.704263,24.523921,118.137428,24.521331,1,1
68400.0,117.692068,24.518406,118.159033,24.5209,1,1
68400.0,117.684117,24.500369,118.182369,24.50197,1,1
68400.0,117.724531,24.49885,118.11566,24.469249,1,1
68400.0,118.025593,24.57194,117.682779,24.486234,1,0
68400.0,118.130311,24.422636,117.63854,24.519549,2,0
68400.0,118.038899,24.489344,117.72898,24.514424,1,0
68507.0,117.664024,24.508926,118.125094,24.470405,1,1
68547.0,117.681252,24.494007,118.133892,24.50797,1,1
68702.0,117.685639,24.507341,118.121006,24.479401,2,1
68722.0,117.682609,24.494728,118.120512,24.521768,1,1
68838.0,117.673845,24.50819,118.080866,24.44974,1,1
68844.0,118.128721,24.422939,117.636287,24.520305,1,0
68858.0,117.73432,24.519229,118.068177,24.568012,1,1
68866.0,118.137367,24.531136,117.628184,24.519967,2,0
68883.0,117.638655,24.510638,118.093068,24.434929,2,1
68937.0,118.122676,24.464879,117.68174,24.504658,1,0
69000.0,118.182403,24.476941,117.679305,24.506127,1,0
69000.0,117.718112,24.518842,118.122104,24.510863,1,1
69000.0,118.168589,24.440662,117.659331,24.511428,1,0
69000.0,118.182402,24.477007,117.681571,24.501831,1,0
69011.0,117.721701,24.49741,118.113296,24.52559,1,1
69089.0,118.070991,24.566568,117.748571,24.502382,1,0
69150.0,117.677914,24.510459,118.084966,24.450657,1,1
69175.0,118.033049,24.566597,117.717614,24.515091,1,0
69214.0,118.100806,24.606833,117.643977,24.508358,1,0
69249.0,118.132757,24.511648,117.672908,24.511505,1,0
69255.0,118.047256,24.488993,117.675002,24.509877,1,0
69256.0,117.733998,24.518247,118.09356,24.432939,1,1
69262.0,118.131853,24.498345,117.687313,24.49314,1,0
69275.0,118.085578,24.457619,117.647613,24.514412,1,0
69309.0,118.085578,24.457619,117.647613,24.514412,1,0
69324.0,118.080191,24.452742,117.682609,24.494728,1,0
69329.0,118.165305,24.507163,117.680276,24.492486,2,0
69361.0,118.142242,24.537209,117.651678,24.503947,1,0
69374.0,117.685409,24.511526,118.111476,24.50678,1,1
69405.0,118.099788,24.477902,117.667191,24.500841,1,0
69425.0,118.125038,24.489216,117.653604,24.507121,1,0
69440.0,118.153146,24.541244,117.640992,24.51207,1,0
69462.0,117.684684,24.512466,118.086549,24.453669,1,1
69588.0,118.161062,24.480928,117.729029,24.515547,1,0
69600.0,117.748789,24.500109,118.110023,24.522982,1,1
69600.0,118.121667,24.54435,117.63854,24.519549,1,0
69600.0,118.195905,24.490763,117.667158,24.50528,1,0
69665.0,117.713012,24.510397,118.15465,24.518314,1,1
69685.0,118.078107,24.452182,117.719221,24.50691,1,0
69702.0,117.631532,24.53609,118.053924,24.492587,1,1
69826.0,117.713395,24.510266,118.166272,24.525448,1,1
69878.0,118.079883,24.457408,117.628606,24.523929,1,0
69880.0,117.676074,24.493005,118.131042,24.503309,1,1
69919.0,118.102789,24.465412,117.63854,24.519549,2,0
69952.0,118.038968,24.495998,117.665624,24.506678,1,0
69981.0,118.109349,24.428205,117.643575,24.505501,1,0
70011.0,118.117405,24.514204,117.726912,24.463943,1,0
70183.0,117.71921,24.513351,118.182369,24.501971,1,1
70200.0,117.668436,24.521639,118.182082,24.500813,1,1
70200.0,118.119615,24.505266,117.638393,24.524631,1,0
70200.0,118.116582,24.527684,117.676432,24.501118,1,0
70200.0,117.715913,24.518899,118.137023,24.519231,1,1
70200.0,117.62803,24.510317,118.101229,24.503769,1,1
70200.0,117.725691,24.519067,118.123695,24.509293,1,1
70200.0,117.719221,24.50691,118.040761,24.452183,1,1
70200.0,118.154045,24.473582,117.665753,24.505998,1,0
70200.0,118.067544,24.57756,117.674446,24.495527,1,0
70200.0,118.167383,24.455169,117.641012,24.519342,1,0
70200.0,117.716177,24.50846,118.058919,24.48603,1,1
70200.0,117.639634,24.519763,118.155367,24.492692,1,1
70200.0,118.15827,24.509649,117.670701,24.512024,1,0
70200.0,118.130219,24.497468,117.666357,24.51435,1,0
70200.0,117.679895,24.493747,118.172891,24.487661,1,1
70200.0,117.63362,24.518473,118.161117,24.507653,1,1
70200.0,118.110234,24.456786,117.748571,24.502382,1,0
70200.0,118.100954,24.570779,117.638136,24.520415,1,0
70202.0,117.667525,24.481878,118.086854,24.484323,1,1
70325.0,117.674659,24.508439,118.127316,24.486425,1,1
70376.0,118.085844,24.457233,117.714698,24.50797,1,0
70431.0,117.687439,24.519788,118.157524,24.526137,1,1
70438.0,118.086614,24.484471,117.647897,24.50913,1,0
70472.0,118.085066,24.450614,117.677589,24.510462,1,0
70551.0,118.037257,24.463832,117.643575,24.505501,1,0
70571.0,117.703908,24.508013,118.203074,24.489284,1,1
70583.0,118.121821,24.43295,117.638066,24.505287,1,0
70611.0,117.672139,24.491579,118.120872,24.545496,1,1
70668.0,118.103887,24.462408,117.692231,24.508741,1,0
70674.0,118.117437,24.511508,117.669537,24.504629,1,0
70738.0,118.152327,24.542164,117.726203,24.51377,1,0
70800.0,117.682609,24.494728,118.159962,24.520168,1,1
70800.0,117.638066,24.505287,118.159625,24.520184,1,1
70800.0,117.695192,24.510209,118.127046,24.515878,1,1
70800.0,117.685263,24.512394,118.111476,24.50678,1,1
70800.0,117.674076,24.510539,118.119671,24.469817,1,1
70800.0,117.668648,24.521732,118.182137,24.500758,1,1
70800.0,118.089336,24.474032,117.636686,24.520916,1,0
70800.0,117.677822,24.519785,118.167383,24.455169,1,1
70812.0,118.199185,24.491789,117.628239,24.520684,1,0
70813.0,117.679937,24.507397,118.182276,24.477071,1,1
70847.0,117.682213,24.50127,118.1407,24.504397,1,1
70850.0,118.088053,24.448521,117.633363,24.52076,1,0
70889.0,118.183416,24.468496,117.678941,24.517994,1,0
71077.0,117.654455,24.499184,118.056483,24.489121,1,1
71101.0,118.123717,24.493092,117.620768,24.518263,1,0
71106.0,118.121896,24.505104,117.644393,24.519539,1,0
71177.0,117.654262,24.487808,118.146397,24.492869,2,1
71271.0,118.141337,24.517774,117.689291,24.519867,1,0
71285.0,118.149984,24.543021,117.63922,24.512307,1,0
71317.0,118.059899,24.568161,117.692233,24.50874,1,0
71400.0,118.018783,24.53019,117.665195,24.529465,2,0
71400.0,118.165657,24.439243,117.638393,24.524631,1,0
71400.0,118.167383,24.455169,117.661219,24.522937,1,0
71400.0,117.636587,24.519786,118.180963,24.501714,1,1
71400.0,118.108055,24.463255,117.679387,24.519015,1,0
71428.0,118.089403,24.444703,117.651678,24.503947,2,0
71433.0,117.732161,24.492643,118.12282,24.535921,1,1
71485.0,118.137261,24.53119,117.658294,24.490172,1,0
71506.0,118.147199,24.489869,117.68799,24.509607,1,0
71528.0,117.679686,24.490034,118.122579,24.512062,1,1
71563.0,117.658806,24.51741,118.181871,24.464033,1,1
71577.0,118.077024,24.458641,117.680262,24.504786,1,0
71600.0,117.712726,24.508615,118.120512,24.521768,1,1
71660.0,118.122111,24.431948,117.662583,24.502058,1,0
71667.0,118.061024,24.575276,117.654046,24.487134,1,0
71681.0,118.134509,24.488324,117.666046,24.514316,1,0
71681.0,117.638393,24.524631,118.107332,24.49977,1,1
71684.0,117.675026,24.501933,118.159896,24.483803,1,1
71700.0,118.16977,24.442357,117.638393,24.524631,1,0
71738.0,118.097426,24.450819,117.677966,24.520172,1,0
71767.0,117.73614,24.520568,118.136103,24.503776,1,1
71794.0,118.130368,24.476163,117.72898,24.514424,1,0
71834.0,118.182295,24.476884,117.659027,24.516385,1,0
71857.0,118.089514,24.444684,117.651678,24.503947,2,0
71931.0,117.685917,24.495054,118.083612,24.480168,1,1
72000.0,117.649623,24.507992,118.103036,24.450941,1,1
72000.0,117.642549,24.513407,118.095136,24.456626,1,1
72000.0,117.681246,24.494006,118.139118,24.525069,1,1
72000.0,117.637821,24.519373,118.100332,24.577318,1,1
72000.0,118.137411,24.532008,117.72898,24.514424,1,0
72000.0,117.687436,24.505898,118.167383,24.455169,1,1
72000.0,118.167251,24.47324,117.662632,24.507611,1,0
72000.0,118.130102,24.422478,117.69042,24.516184,1,0
72000.0,117.628239,24.520683,118.196184,24.483183,1,1
72000.0,117.634098,24.535697,118.116842,24.522879,1,1
72000.0,118.071867,24.559464,117.638136,24.520415,1,0
72000.0,118.15827,24.509649,117.670701,24.512024,1,0
72000.0,118.116977,24.472019,117.681606,24.491652,1,0
72000.0,118.048302,24.49734,117.653018,24.505069,1,0
72000.0,117.692068,24.518406,118.134509,24.488324,1,1
72000.0,117.67684,24.491179,118.16503,24.522067,1,1
72000.0,117.749592,24.500277,118.120741,24.492585,1,1
72000.0,117.713406,24.508768,118.161942,24.442605,1,1
72000.0,118.096237,24.505125,117.651115,24.509791,1,0
